Course,Form,Language,School,Data Type,2010,2011,2012,2013,2014
Biology 30,,All,0401,% Acceptable,100,100,0,null,null
Biology 30,,All,0401,Course Mark,78,80,40,null,null
Biology 30,,All,0401,Exam Mark,60.5,69,39,null,null
Chemistry 30,,All,0401,% Acceptable,100,null,100,null,null
Chemistry 30,,All,0401,Course Mark,72,null,80,null,null
Chemistry 30,,All,0401,Exam Mark,67,null,78,null,null
English Lang Arts 30-1,,All,0401,% Acceptable,100,null,100,null,null
English Lang Arts 30-1,,All,0401,Course Mark,91,null,81.7,null,null
English Lang Arts 30-1,,All,0401,Exam Mark,64,null,43.3,null,null
English Lang Arts 30-2,,All,0401,% Acceptable,100,66.7,100,null,100
English Lang Arts 30-2,,All,0401,% Excellence,0,0,33.3,null,0
English Lang Arts 30-2,,All,0401,Course Mark,82,72.7,78.3,null,77.5
English Lang Arts 30-2,,All,0401,Exam Mark,66,50.3,66.3,null,67.5
Social Studies 30-1,,All,0401,% Acceptable,null,null,100,100,null
Social Studies 30-1,,All,0401,Course Mark,null,null,84,65,null
Social Studies 30-1,,All,0401,Exam Mark,null,null,41,45,null
Social Studies 30-2,,All,0401,% Acceptable,null,66.7,100,100,100
Social Studies 30-2,,All,0401,% Excellence,null,0,0,100,33.3
Social Studies 30-2,,All,0401,Course Mark,null,61.7,73.3,90,78.3
Social Studies 30-2,,All,0401,Exam Mark,null,47.8,60.3,70,69
English Language Arts 3,1,English,1221,% Acceptable,91,97,96.4,89.8,null
English Language Arts 3,1,English,1221,% Excellence,28.4,27.3,32.5,22.4,null
English Language Arts 3,1,English,1221,Mark,72.3,74.1,74.1,71,null
Mathematics 3,1,All,1221,% Acceptable,91,98.5,96.5,87.8,null
Mathematics 3,1,All,1221,% Excellence,23.9,33.3,42.4,24.5,null
Mathematics 3,1,All,1221,Mark,71.9,79.6,79,70.2,null
English Language Arts 6,1,English,1221,% Acceptable,98,92,97,92.5,100
English Language Arts 6,1,English,1221,% Excellence,26.5,28.7,22.4,26.3,32.8
English Language Arts 6,1,English,1221,Mark,69.1,67.5,70.2,68.3,72.5
Mathematics 6,1,All,1221,% Acceptable,100,93.1,95.6,85,97
Mathematics 6,1,All,1221,% Excellence,33.3,27.6,22.1,22.5,23.9
Mathematics 6,1,All,1221,Mark,81,70.4,67.8,59.6,66.3
Science 6,1,All,1221,% Acceptable,98,87.4,95.6,91.3,97
Science 6,1,All,1221,% Excellence,49,42.5,54.4,27.5,43.3
Science 6,1,All,1221,Mark,74.8,71.4,79.2,69.2,76.1
Social Studies 6,1,All,1221,% Acceptable,89.8,71.3,88.2,87.5,95.5
Social Studies 6,1,All,1221,% Excellence,28.6,23,20.6,20,22.4
Social Studies 6,1,All,1221,Mark,75.8,67.1,68.8,64.6,72.2
English Lang Arts 9 KAE,1,English,1221,% Acceptable,null,null,80,null,null
English Lang Arts 9 KAE,1,English,1221,% Excellence,null,null,20,null,null
English Lang Arts 9 KAE,1,English,1221,Mark,null,null,67.2,null,null
English Language Arts 9,1,English,1221,% Acceptable,97.3,92.8,97.2,95.5,94.4
English Language Arts 9,1,English,1221,% Excellence,21.9,20.5,29.6,31.3,23.3
English Language Arts 9,1,English,1221,Mark,71.4,68.1,73.1,72.5,70.6
Mathematics 9,1,All,1221,% Acceptable,74,64.6,91.5,83.6,80
Mathematics 9,1,All,1221,% Excellence,13.7,8.5,29.6,28.4,24.4
Mathematics 9,1,All,1221,Mark,57.4,60.8,66.4,66.9,61.9
Mathematics 9 KAE,1,All,1221,% Acceptable,null,null,80,null,null
Mathematics 9 KAE,1,All,1221,% Excellence,null,null,20,null,null
Mathematics 9 KAE,1,All,1221,Mark,null,null,64.8,null,null
Science 9,1,All,1221,% Acceptable,86.3,74.7,93,91,81.1
Science 9,1,All,1221,% Excellence,16.4,8.4,16.9,20.9,27.8
Science 9,1,All,1221,Mark,64,58.9,65.5,65.9,67
Science 9 KAE,1,All,1221,% Acceptable,null,null,80,null,null
Science 9 KAE,1,All,1221,% Excellence,null,null,20,null,null
Science 9 KAE,1,All,1221,Mark,null,null,66.8,null,null
Social Studies 9,1,All,1221,% Acceptable,87.7,77.8,88.7,82.1,81.1
Social Studies 9,1,All,1221,% Excellence,28.8,23.5,35.2,32.8,28.9
Social Studies 9,1,All,1221,Mark,72.8,64.7,73.8,72.4,68.1
Social Studies 9 KAE,1,All,1221,% Acceptable,null,null,80,null,null
Social Studies 9 KAE,1,All,1221,Mark,null,null,67.6,null,null
English Language Arts 6,1,English,1362,% Acceptable,null,null,null,null,100
English Language Arts 6,1,English,1362,Mark,null,null,null,null,72
Mathematics 6,1,All,1362,% Acceptable,null,null,null,null,100
Mathematics 6,1,All,1362,Mark,null,null,null,null,42
Science 6,1,All,1362,% Acceptable,null,null,null,null,100
Science 6,1,All,1362,Mark,null,null,null,null,60
Social Studies 6,1,All,1362,% Acceptable,null,null,null,null,100
Social Studies 6,1,All,1362,Mark,null,null,null,null,50
English Language Arts 9,1,English,1362,% Acceptable,100,100,100,50,null
English Language Arts 9,1,English,1362,% Excellence,0,0,50,0,null
English Language Arts 9,1,English,1362,Mark,72,57.5,69.5,52.5,null
Mathematics 9,1,All,1362,% Acceptable,null,33.3,100,20,null
Mathematics 9,1,All,1362,Mark,null,53.3,62,36,null
Science 9,1,All,1362,% Acceptable,null,100,100,60,null
Science 9,1,All,1362,% Excellence,null,0,50,0,null
Science 9,1,All,1362,Mark,null,54.6,65.5,53.7,null
Social Studies 9,1,All,1362,% Acceptable,0,20,100,0,0
Social Studies 9,1,All,1362,% Excellence,0,0,100,0,0
Social Studies 9,1,All,1362,Mark,54,36.4,91,35.6,40
English Language Arts 3,1,English,1367,% Acceptable,97.4,98.8,100,94.7,null
English Language Arts 3,1,English,1367,% Excellence,35.9,21.7,54.7,43.4,null
English Language Arts 3,1,English,1367,Mark,75.4,75.3,79.8,76.5,null
Mathematics 3,1,All,1367,% Acceptable,93.6,97.6,94.1,93.4,null
Mathematics 3,1,All,1367,% Excellence,43.6,45.8,49.4,38.2,null
Mathematics 3,1,All,1367,Mark,79.2,81.4,81.8,79.4,null
English Language Arts 6,1,English,1367,% Acceptable,98.9,100,100,100,100
English Language Arts 6,1,English,1367,% Excellence,32.2,34.9,39.3,39.3,43.7
English Language Arts 6,1,English,1367,Mark,73.1,71.8,74.6,75.7,76.8
Mathematics 6,1,All,1367,% Acceptable,100,98.8,98.9,98.9,97.7
Mathematics 6,1,All,1367,% Excellence,56.3,67.9,55.7,59.6,26.4
Mathematics 6,1,All,1367,Mark,87,83.7,80,77.3,68.1
Science 6,1,All,1367,% Acceptable,100,98.8,97.7,98.9,100
Science 6,1,All,1367,% Excellence,75.9,77.4,68.2,71.9,58.6
Science 6,1,All,1367,Mark,83.9,86.5,84.5,83.7,79
Social Studies 6,1,All,1367,% Acceptable,97.7,94,94.4,95.5,95.4
Social Studies 6,1,All,1367,% Excellence,41.4,48.8,46.1,42.7,37.9
Social Studies 6,1,All,1367,Mark,81.4,80.8,75.8,75.7,76.9
English Lang Arts 9 KAE,1,English,1752,% Acceptable,null,null,null,null,78.6
English Lang Arts 9 KAE,1,English,1752,% Excellence,null,null,null,null,7.1
English Lang Arts 9 KAE,1,English,1752,Mark,null,null,null,null,68.1
English Language Arts 9,1,English,1752,% Acceptable,null,null,null,null,92.4
English Language Arts 9,1,English,1752,% Excellence,null,null,null,null,15.3
English Language Arts 9,1,English,1752,Mark,null,null,null,null,65.7
Mathematics 9,1,All,1752,% Acceptable,null,null,null,null,72.7
Mathematics 9,1,All,1752,% Excellence,null,null,null,null,16.7
Mathematics 9,1,All,1752,Mark,null,null,null,null,57.7
Mathematics 9 KAE,1,All,1752,% Acceptable,null,null,null,null,87.5
Mathematics 9 KAE,1,All,1752,% Excellence,null,null,null,null,31.3
Mathematics 9 KAE,1,All,1752,Mark,null,null,null,null,71.1
Science 9,1,All,1752,% Acceptable,null,null,null,null,82
Science 9,1,All,1752,% Excellence,null,null,null,null,27.8
Science 9,1,All,1752,Mark,null,null,null,null,66.5
Science 9 KAE,1,All,1752,% Acceptable,null,null,null,null,93.8
Science 9 KAE,1,All,1752,% Excellence,null,null,null,null,37.5
Science 9 KAE,1,All,1752,Mark,null,null,null,null,74.4
Social Studies 9,1,All,1752,% Acceptable,null,null,null,null,80.3
Social Studies 9,1,All,1752,% Excellence,null,null,null,null,28.8
Social Studies 9,1,All,1752,Mark,null,null,null,null,69
Social Studies 9 KAE,1,All,1752,% Acceptable,null,null,null,null,87.5
Social Studies 9 KAE,1,All,1752,% Excellence,null,null,null,null,18.8
Social Studies 9 KAE,1,All,1752,Mark,null,null,null,null,72.6
English Language Arts 6,1,English,1753,% Acceptable,null,null,null,null,87
English Language Arts 6,1,English,1753,% Excellence,null,null,null,null,21.7
English Language Arts 6,1,English,1753,Mark,null,null,null,null,64.5
French Language Arts 6,1,French,1753,% Acceptable,null,null,null,null,78.3
French Language Arts 6,1,French,1753,% Excellence,null,null,null,null,4.3
French Language Arts 6,1,French,1753,Mark,null,null,null,null,60.5
Mathematics 6,1,All,1753,% Acceptable,null,null,null,null,69.6
Mathematics 6,1,All,1753,Mark,null,null,null,null,46
Mathematics 6 (Fr),1,French,1753,% Acceptable,null,null,null,null,69.6
Mathematics 6 (Fr),1,French,1753,Mark,null,null,null,null,46
Science 6,1,All,1753,% Acceptable,null,null,null,null,73.9
Science 6,1,All,1753,% Excellence,null,null,null,null,8.7
Science 6,1,All,1753,Mark,null,null,null,null,53.6
Science 6 (Fr),1,French,1753,% Acceptable,null,null,null,null,73.9
Science 6 (Fr),1,French,1753,% Excellence,null,null,null,null,8.7
Science 6 (Fr),1,French,1753,Mark,null,null,null,null,53.6
Social Studies 6,1,All,1753,% Acceptable,null,null,null,null,56.5
Social Studies 6,1,All,1753,Mark,null,null,null,null,51.2
English Lang Arts 9 KAE,1,English,3301,% Acceptable,93.3,100,100,80,100
English Lang Arts 9 KAE,1,English,3301,% Excellence,13.3,7.1,0,0,0
English Lang Arts 9 KAE,1,English,3301,Mark,70.7,70.6,73,58.6,68
English Language Arts 9,1,English,3301,% Acceptable,95,99.1,93.9,91.4,91.6
English Language Arts 9,1,English,3301,% Excellence,16.8,27.6,14.5,19.3,21.5
English Language Arts 9,1,English,3301,Mark,66.9,72.3,69,68.1,69.1
French Language Arts 9,1,French,3301,% Acceptable,95.2,87,90.9,84.4,86.2
French Language Arts 9,1,French,3301,% Excellence,9.5,8.7,0,12.5,3.4
French Language Arts 9,1,French,3301,Mark,73.4,68.1,67.4,68.3,67.4
Biology 30,,All,3301,% Acceptable,96.1,100,98.8,98.3,98.4
Biology 30,,All,3301,% Excellence,25.5,45.4,51.8,46.2,47.6
Biology 30,,All,3301,Course Mark,75.7,79.6,80.4,78.9,80.4
Biology 30,,All,3301,Exam Mark,64.3,74.2,72.2,69.9,71.1
Chemistry 30,,All,3301,% Acceptable,98.6,98,96.3,98.2,94.1
Chemistry 30,,All,3301,% Excellence,47.8,40,37.5,28.1,52.9
Chemistry 30,,All,3301,Course Mark,77.6,73.9,77.2,72.9,76.9
Chemistry 30,,All,3301,Exam Mark,74.3,69,71.5,70.3,76.2
English Lang Arts 30-1,,All,3301,% Acceptable,100,100,98.9,98.9,96.7
English Lang Arts 30-1,,All,3301,% Excellence,13.5,14.5,19.4,16.9,17.6
English Lang Arts 30-1,,All,3301,Course Mark,74,73.2,74.5,74.2,71.6
English Lang Arts 30-1,,All,3301,Exam Mark,62.5,64.7,65.5,63.1,66.7
English Lang Arts 30-2,,All,3301,% Acceptable,95.7,93.3,97.4,100,98.2
English Lang Arts 30-2,,All,3301,% Excellence,2.1,6.7,13.2,2.5,3.6
English Lang Arts 30-2,,All,3301,Course Mark,63.8,68.1,68.6,58.7,61.6
English Lang Arts 30-2,,All,3301,Exam Mark,62.9,67.7,68.1,67.4,69.4
French Lang Arts 30-1,,All,3301,% Acceptable,100,94.4,100,100,100
French Lang Arts 30-1,,All,3301,% Excellence,8.3,27.8,9.5,23.5,14.3
French Lang Arts 30-1,,All,3301,Course Mark,77.9,72.9,72.8,77.5,75.1
French Lang Arts 30-1,,All,3301,Exam Mark,62.5,66.1,68.1,70.8,68.9
Mathematics 30-1,,All,3301,% Acceptable,null,null,null,96.3,100
Mathematics 30-1,,All,3301,% Excellence,null,null,null,32.9,44.3
Mathematics 30-1,,All,3301,Course Mark,null,null,null,75.5,81.1
Mathematics 30-1,,All,3301,Exam Mark,null,null,null,69,74.4
Mathematics 30-2,,All,3301,% Acceptable,null,null,null,84,74.4
Mathematics 30-2,,All,3301,% Excellence,null,null,null,12,11.6
Mathematics 30-2,,All,3301,Course Mark,null,null,null,56.6,58.7
Mathematics 30-2,,All,3301,Exam Mark,null,null,null,58.3,57.6
Physics 30,,All,3301,% Acceptable,100,91.7,100,88.6,100
Physics 30,,All,3301,% Excellence,66.7,30.6,40,40,53.8
Physics 30,,All,3301,Course Mark,79.8,70.6,80.3,75.1,79.3
Physics 30,,All,3301,Exam Mark,79.6,63.6,75.3,67.3,76.9
Social Studies 30-1,,All,3301,% Acceptable,97.1,98.5,98.6,100,98.6
Social Studies 30-1,,All,3301,% Excellence,12.9,10.6,31,22.9,27.5
Social Studies 30-1,,All,3301,Course Mark,71,71,76,73.9,73.6
Social Studies 30-1,,All,3301,Exam Mark,63.4,65.3,71,67.9,67.8
Social Studies 30-2,,All,3301,% Acceptable,94.4,97.8,98.4,100,98.6
Social Studies 30-2,,All,3301,% Excellence,5.6,13.3,24.2,18,16.2
Social Studies 30-2,,All,3301,Course Mark,64.8,68,70.6,70.1,69.9
Social Studies 30-2,,All,3301,Exam Mark,60.1,69.2,70.5,66.8,69.2
English Language Arts 3,1,English,3303,% Acceptable,98.4,97.3,93.5,98.3,null
English Language Arts 3,1,English,3303,% Excellence,29.5,6.8,22.6,24.1,null
English Language Arts 3,1,English,3303,Mark,74.1,71.8,69.3,73.2,null
French Language Arts 3,1,French,3303,% Acceptable,100,87.5,100,78.9,null
French Language Arts 3,1,French,3303,% Excellence,13.3,8.3,5,5.3,null
French Language Arts 3,1,French,3303,Mark,73.1,66.8,69,62.7,null
Mathematics 3,1,All,3303,% Acceptable,91.8,80.8,88.7,86.2,null
Mathematics 3,1,English,3303,% Acceptable,89.1,81.6,88.1,89.7,null
Mathematics 3,1,All,3303,% Excellence,23,21.9,35.5,36.2,null
Mathematics 3,1,English,3303,% Excellence,21.7,28.6,38.1,48.7,null
Mathematics 3,1,All,3303,Mark,74.3,71,73.3,74.3,null
Mathematics 3,1,English,3303,Mark,72.1,72.1,74.2,80.3,null
Mathematics 3 (Fr),1,French,3303,% Acceptable,100,79.2,90,78.9,null
Mathematics 3 (Fr),1,French,3303,% Excellence,26.7,8.3,30,10.5,null
Mathematics 3 (Fr),1,French,3303,Mark,81.1,68.8,71.5,62,null
English Language Arts 6,1,English,3303,% Acceptable,96.3,96.6,98.5,94.7,91.8
English Language Arts 6,1,English,3303,% Excellence,27.2,20.3,18.2,24,18.8
English Language Arts 6,1,English,3303,Mark,68,68.3,69.3,69.5,67.7
French Language Arts 6,1,French,3303,% Acceptable,87.5,100,88,83.3,92.3
French Language Arts 6,1,French,3303,% Excellence,18.8,0,4,11.1,7.7
French Language Arts 6,1,French,3303,Mark,69,65.7,62,66.1,67
Mathematics 6,1,All,3303,% Acceptable,82.7,88.1,81.5,81.1,81.2
Mathematics 6,1,English,3303,% Acceptable,83.1,91.1,92.3,78.6,79.7
Mathematics 6,1,English,3303,% Excellence,16.9,6.7,7.7,17.9,10.2
Mathematics 6,1,All,3303,% Excellence,16,8.5,7.7,17.6,11.8
Mathematics 6,1,All,3303,Mark,69.4,62.9,60.2,57.3,55.9
Mathematics 6,1,English,3303,Mark,70,63.9,66.6,57,54.3
Mathematics 6 (Fr),1,French,3303,% Acceptable,81.3,78.6,65.4,88.9,84.6
Mathematics 6 (Fr),1,French,3303,% Excellence,12.5,14.3,7.7,16.7,15.4
Mathematics 6 (Fr),1,French,3303,Mark,66.8,60,50.6,58.2,59.6
Science 6,1,All,3303,% Acceptable,88.9,96.6,84.6,82.4,87.8
Science 6,1,English,3303,% Acceptable,92.3,97.8,92.3,82.1,87.7
Science 6,1,All,3303,% Excellence,21,28.8,26.2,28.4,20.7
Science 6,1,English,3303,% Excellence,21.5,33.3,33.3,30.4,17.5
Science 6,1,All,3303,Mark,65.5,72.1,68.9,66.7,64.5
Science 6,1,English,3303,Mark,66.6,73.9,74.6,66.4,63.1
Science 6 (Fr),1,French,3303,% Acceptable,75,92.9,73.1,83.3,88
Science 6 (Fr),1,French,3303,% Excellence,18.8,14.3,15.4,22.2,28
Science 6 (Fr),1,French,3303,Mark,61.4,66.1,60.4,67.7,67.8
Social Studies 6,1,All,3303,% Acceptable,74.1,79.7,78.5,80.6,78
Social Studies 6,1,English,3303,% Acceptable,73.8,84.4,92.3,78.2,80.4
Social Studies 6,1,All,3303,% Excellence,13.6,13.6,9.2,16.7,11
Social Studies 6,1,English,3303,% Excellence,12.3,15.6,12.8,16.4,10.7
Social Studies 6,1,All,3303,Mark,63.5,66.8,59.2,62.9,62.2
Social Studies 6,1,English,3303,Mark,63.1,69,65.6,62.4,62.7
English Language Arts 3,1,English,3304,% Acceptable,85,95,89.5,88,null
English Language Arts 3,1,English,3304,% Excellence,20,30,15.8,4,null
English Language Arts 3,1,English,3304,Mark,67.6,75.3,71.3,62.4,null
Mathematics 3,1,All,3304,% Acceptable,null,85,89.5,72,null
Mathematics 3,1,All,3304,% Excellence,null,25,42.1,12,null
Mathematics 3,2,All,3304,Mark,66.3,null,null,null,null
Mathematics 3,1,All,3304,Mark,null,73.9,75.3,63.6,null
English Language Arts 6,1,English,3304,% Acceptable,92,100,100,94.4,94.1
English Language Arts 6,1,English,3304,% Excellence,40,20,26.7,13.9,41.2
English Language Arts 6,1,English,3304,Mark,70.5,67.6,70.7,66.1,73.7
Mathematics 6,1,All,3304,% Acceptable,null,92,80,75,94.1
Mathematics 6,1,All,3304,% Excellence,null,8,13.3,5.6,17.6
Mathematics 6,2,All,3304,Mark,67.8,null,null,null,null
Mathematics 6,1,All,3304,Mark,null,65.5,63.2,50.1,62.2
Science 6,1,All,3304,% Acceptable,88,92,93.3,75,100
Science 6,1,All,3304,% Excellence,44,24,26.7,19.4,17.6
Science 6,1,All,3304,Mark,73.9,72.2,73.3,63.4,72
Social Studies 6,1,All,3304,% Acceptable,84,96,93.3,88.9,88.2
Social Studies 6,1,All,3304,% Excellence,24,20,26.7,36.1,41.2
Social Studies 6,1,All,3304,Mark,70.7,74.2,69.3,68.3,77.1
English Language Arts 9,1,English,3307,% Acceptable,60,80,62.5,90,20
English Language Arts 9,1,English,3307,% Excellence,0,0,12.5,40,0
English Language Arts 9,1,English,3307,Mark,52.2,60.7,53.4,72.4,40.8
Mathematics 9,1,All,3307,% Acceptable,66.7,75,66.7,83.3,50
Mathematics 9,1,All,3307,% Excellence,11.1,0,11.1,25,0
Mathematics 9,1,All,3307,Mark,57.1,55.5,52.9,61.8,52
Mathematics 9 KAE,1,All,3307,% Acceptable,null,null,100,null,null
Mathematics 9 KAE,1,All,3307,Mark,null,null,76,null,null
Science 9,1,All,3307,% Acceptable,58.3,62.5,88.9,100,80
Science 9,1,All,3307,% Excellence,16.7,0,11.1,41.7,0
Science 9,1,All,3307,Mark,54.1,51.4,58.8,74.5,59.6
Social Studies 9,1,All,3307,% Acceptable,46.2,62.5,55.6,91.7,66.7
Social Studies 9,1,All,3307,% Excellence,0,12.5,22.2,25,0
Social Studies 9,1,All,3307,Mark,54.8,62,55.3,69.8,64
Biology 30,,All,3307,% Acceptable,88.6,91.5,96.7,96.3,90.3
Biology 30,,All,3307,% Excellence,14.3,14.9,23.3,25.9,29
Biology 30,,All,3307,Course Mark,75.9,77.2,75.2,74.3,74.7
Biology 30,,All,3307,Exam Mark,54.1,52.1,62.1,62,66.2
Chemistry 30,,All,3307,% Acceptable,84.6,100,80,93.5,96.2
Chemistry 30,,All,3307,% Excellence,15.4,16,10,16.1,26.9
Chemistry 30,,All,3307,Course Mark,76.6,86.2,69.3,76.3,77.1
Chemistry 30,,All,3307,Exam Mark,58.5,55.7,53.2,63.4,61.8
English Lang Arts 30-1,,All,3307,% Acceptable,95.6,96.7,100,98.3,96.2
English Lang Arts 30-1,,All,3307,% Excellence,13.3,16.7,10.1,5.1,13.2
English Lang Arts 30-1,,All,3307,Course Mark,78.9,81.3,70.6,71.4,71.4
English Lang Arts 30-1,,All,3307,Exam Mark,59,58.2,58.8,59.2,61.4
English Lang Arts 30-2,,All,3307,% Acceptable,95.5,100,93.9,100,100
English Lang Arts 30-2,,All,3307,% Excellence,13.6,10,9.1,8.8,23.8
English Lang Arts 30-2,,All,3307,Course Mark,65.1,71.6,67.4,71.3,72.9
English Lang Arts 30-2,,All,3307,Exam Mark,63.2,63.6,64.7,63.4,69.5
Mathematics 30-1,,All,3307,% Acceptable,null,null,null,89.3,81.3
Mathematics 30-1,,All,3307,% Excellence,null,null,null,17.9,25
Mathematics 30-1,,All,3307,Course Mark,null,null,null,77.1,79.7
Mathematics 30-1,,All,3307,Exam Mark,null,null,null,59.5,57.7
Mathematics 30-2,,All,3307,% Acceptable,null,null,null,80,100
Mathematics 30-2,,All,3307,% Excellence,null,null,null,30,13
Mathematics 30-2,,All,3307,Course Mark,null,null,null,67,70.2
Mathematics 30-2,,All,3307,Exam Mark,null,null,null,66.7,64.1
Physics 30,,All,3307,% Acceptable,77.8,87.5,87.5,87.5,100
Physics 30,,All,3307,% Excellence,11.1,25,18.8,18.8,28.6
Physics 30,,All,3307,Course Mark,68.7,78.5,71.4,76.3,80.4
Physics 30,,All,3307,Exam Mark,51.1,55.1,54.9,60.3,66.4
Science 30,,All,3307,% Acceptable,100,100,100,100,100
Science 30,,All,3307,% Excellence,15,50,36,51.9,40.6
Science 30,,All,3307,Course Mark,71.1,82.3,77.5,79,78
Science 30,,All,3307,Exam Mark,67.5,66.4,71.8,76,71.8
Social Studies 30-1,,All,3307,% Acceptable,null,100,100,95,100
Social Studies 30-1,,All,3307,% Excellence,null,16.3,7.7,10,10.5
Social Studies 30-1,,All,3307,Course Mark,null,79.6,75.9,70,70.3
Social Studies 30-1,,All,3307,Exam Mark,null,60.8,56.6,55.1,60.9
Social Studies 30-2,,All,3307,% Acceptable,null,91.9,96.5,100,91.8
Social Studies 30-2,,All,3307,% Excellence,null,8.1,14,17.6,14.3
Social Studies 30-2,,All,3307,Course Mark,null,65.9,67,67.5,65.2
Social Studies 30-2,,All,3307,Exam Mark,null,60.4,64.2,60.9,62.3
Biology 30,,All,3310,% Acceptable,100,91.7,100,100,100
Biology 30,,All,3310,% Excellence,14.3,16.7,20,16.7,50
Biology 30,,All,3310,Course Mark,74.1,80.4,69,71.3,81.3
Biology 30,,All,3310,Exam Mark,46.6,51.5,64,63.2,70
Chemistry 30,,All,3310,% Acceptable,75,0,100,100,100
Chemistry 30,,All,3310,% Excellence,0,0,0,33.3,50
Chemistry 30,,All,3310,Course Mark,78.3,62.5,70,80,87.5
Chemistry 30,,All,3310,Exam Mark,36,25,62,69.7,73.8
English Lang Arts 30-1,,All,3310,% Acceptable,100,100,100,100,100
English Lang Arts 30-1,,All,3310,% Excellence,11.1,18.2,0,8.3,10
English Lang Arts 30-1,,All,3310,Course Mark,69.2,75,74.8,70,79
English Lang Arts 30-1,,All,3310,Exam Mark,57.8,58.2,61.7,59.8,63
English Lang Arts 30-2,,All,3310,% Acceptable,90.9,100,100,100,92.3
English Lang Arts 30-2,,All,3310,% Excellence,9.1,13,0,28.6,23.1
English Lang Arts 30-2,,All,3310,Course Mark,65.7,70.3,64.2,73.9,71.5
English Lang Arts 30-2,,All,3310,Exam Mark,63.7,65.1,67.5,71.9,66.2
Mathematics 30-1,,All,3310,% Acceptable,null,null,null,100,100
Mathematics 30-1,,All,3310,% Excellence,null,null,null,0,25
Mathematics 30-1,,All,3310,Course Mark,null,null,null,82.5,77.5
Mathematics 30-1,,All,3310,Exam Mark,null,null,null,61,52
Mathematics 30-2,,All,3310,% Acceptable,null,null,null,100,87.5
Mathematics 30-2,,All,3310,% Excellence,null,null,null,50,37.5
Mathematics 30-2,,All,3310,Course Mark,null,null,null,77,70.6
Mathematics 30-2,,All,3310,Exam Mark,null,null,null,66.5,65.9
Physics 30,,All,3310,% Acceptable,100,null,100,100,50
Physics 30,,All,3310,Course Mark,62.5,null,72,65,42.5
Physics 30,,All,3310,Exam Mark,61.5,null,36,68,37
Science 30,,All,3310,% Acceptable,100,100,100,100,100
Science 30,,All,3310,% Excellence,0,50,33.3,20,50
Science 30,,All,3310,Course Mark,60,81,62.3,69,86.3
Science 30,,All,3310,Exam Mark,45,72.5,66.3,64,75
Social Studies 30-1,,All,3310,% Acceptable,null,100,100,90,100
Social Studies 30-1,,All,3310,% Excellence,null,0,0,0,20
Social Studies 30-1,,All,3310,Course Mark,null,72.8,64,65.7,84
Social Studies 30-1,,All,3310,Exam Mark,null,58.5,54,59.1,61.2
Social Studies 30-2,,All,3310,% Acceptable,null,91.7,100,94.4,100
Social Studies 30-2,,All,3310,% Excellence,null,8.3,9.5,5.6,40
Social Studies 30-2,,All,3310,Course Mark,null,62.5,63.2,65.3,80
Social Studies 30-2,,All,3310,Exam Mark,null,60.8,62.2,63.1,65.6
Biology 30,,All,3311,% Acceptable,89.7,93.8,88.7,92.4,97.8
Biology 30,,All,3311,% Excellence,14.7,17.2,19.4,25.8,30.4
Biology 30,,All,3311,Course Mark,67.5,70.6,69.6,70.2,75
Biology 30,,All,3311,Exam Mark,59.3,63.9,63.5,65.5,69
Chemistry 30,,All,3311,% Acceptable,83.6,91.2,90.6,74.5,91.4
Chemistry 30,,All,3311,% Excellence,10.9,28.1,17,21.6,24.1
Chemistry 30,,All,3311,Course Mark,66.5,71.5,68.8,63.4,72.2
Chemistry 30,,All,3311,Exam Mark,58.6,64.3,62.8,60,64.3
English Lang Arts 30-1,,All,3311,% Acceptable,93.6,96.1,93.9,98.2,95.6
English Lang Arts 30-1,,All,3311,% Excellence,4.3,9.8,6.1,9.2,6.7
English Lang Arts 30-1,,All,3311,Course Mark,65.2,71.3,68.7,75.8,73.6
English Lang Arts 30-1,,All,3311,Exam Mark,57.1,59.1,59.9,57.9,58.9
English Lang Arts 30-2,,All,3311,% Acceptable,90,97.5,98.4,98,97.4
English Lang Arts 30-2,,All,3311,% Excellence,0,10,14.8,6.1,5.3
English Lang Arts 30-2,,All,3311,Course Mark,58.9,69.7,73,69.5,69.1
English Lang Arts 30-2,,All,3311,Exam Mark,60.7,65.4,65,64,63.6
Mathematics 30-1,,All,3311,% Acceptable,null,null,null,81,90.6
Mathematics 30-1,,All,3311,% Excellence,null,null,null,27,28.1
Mathematics 30-1,,All,3311,Course Mark,null,null,null,69.1,76.1
Mathematics 30-1,,All,3311,Exam Mark,null,null,null,59.5,60.4
Mathematics 30-2,,All,3311,% Acceptable,null,null,null,93.2,91.7
Mathematics 30-2,,All,3311,% Excellence,null,null,null,4.5,5.6
Mathematics 30-2,,All,3311,Course Mark,null,null,null,63.1,63.6
Mathematics 30-2,,All,3311,Exam Mark,null,null,null,58.5,62.1
Physics 30,,All,3311,% Acceptable,76,84,85.2,71.4,77.8
Physics 30,,All,3311,% Excellence,8,28,14.8,35.7,16.7
Physics 30,,All,3311,Course Mark,66.4,69.8,64.1,65.5,67.8
Physics 30,,All,3311,Exam Mark,53.8,62.6,59,62.1,62.7
Science 30,,All,3311,% Acceptable,100,90.9,null,91.7,93.3
Science 30,,All,3311,% Excellence,0,9.1,null,12.5,20
Science 30,,All,3311,Course Mark,63.7,68.2,null,61.8,64.4
Science 30,,All,3311,Exam Mark,63.3,60,null,68.7,67.6
Social Studies 30-1,,All,3311,% Acceptable,89.9,87.1,98.6,94.7,97.2
Social Studies 30-1,,All,3311,% Excellence,7.6,10.8,9.7,15.8,11.3
Social Studies 30-1,,All,3311,Course Mark,67.7,66.7,71.7,69.1,72.2
Social Studies 30-1,,All,3311,Exam Mark,55.8,56,61.3,61.3,63.3
Social Studies 30-2,,All,3311,% Acceptable,90.5,96,95.8,97.2,96.8
Social Studies 30-2,,All,3311,% Excellence,3.2,0,7,6.9,8.1
Social Studies 30-2,,All,3311,Course Mark,59.8,61,62.8,65.8,65
Social Studies 30-2,,All,3311,Exam Mark,59.5,60,63.4,65,63.8
English Language Arts 3,1,English,3313,% Acceptable,100,100,83.3,87.8,null
English Language Arts 3,1,English,3313,% Excellence,35.7,7.1,9.5,22,null
English Language Arts 3,1,English,3313,Mark,77,66.6,62.6,68.6,null
Mathematics 3,1,All,3313,% Acceptable,100,80.5,71.4,78.6,null
Mathematics 3,1,All,3313,% Excellence,39.3,17.1,2.4,26.2,null
Mathematics 3,1,All,3313,Mark,85,68.2,61.8,69.9,null
English Language Arts 6,1,English,3313,% Acceptable,94.6,92.2,100,96.6,95.3
English Language Arts 6,1,English,3313,% Excellence,5.4,7.8,25,13.8,16.3
English Language Arts 6,1,English,3313,Mark,62.7,63.9,69.9,67.7,65.8
Mathematics 6,1,All,3313,% Acceptable,75,86.3,95.8,93.1,76.7
Mathematics 6,1,All,3313,% Excellence,8.9,11.8,20.8,13.8,9.3
Mathematics 6,1,All,3313,Mark,61.9,63.4,65,60.2,52.1
Science 6,1,All,3313,% Acceptable,76.8,88.2,93.8,93.1,86
Science 6,1,All,3313,% Excellence,17.9,29.4,37.5,24.1,27.9
Science 6,1,All,3313,Mark,60.5,69.5,73,69.9,64.2
Social Studies 6,1,All,3313,% Acceptable,62.5,82.4,83.3,82.8,67.4
Social Studies 6,1,All,3313,% Excellence,14.3,15.7,25,10.3,9.3
Social Studies 6,1,All,3313,Mark,60.4,69.3,66.3,64.5,58.8
English Language Arts 3,1,English,3316,% Acceptable,100,92.3,97.2,93.2,null
English Language Arts 3,1,English,3316,% Excellence,13.8,12.8,11.1,6.8,null
English Language Arts 3,1,English,3316,Mark,71.3,68.1,70.7,67.6,null
Mathematics 3,1,All,3316,% Acceptable,96.6,89.7,97.2,81.8,null
Mathematics 3,1,All,3316,% Excellence,20.7,30.8,25,29.5,null
Mathematics 3,1,All,3316,Mark,74.3,73.1,73.6,70,null
English Language Arts 6,1,English,3316,% Acceptable,92.3,100,100,100,93.6
English Language Arts 6,1,English,3316,% Excellence,23.1,32.4,25.8,30.6,21.3
English Language Arts 6,1,English,3316,Mark,68.2,71.6,70.7,72.8,69.2
Mathematics 6,1,All,3316,% Acceptable,92.3,94.1,93.5,94.4,84.8
Mathematics 6,1,All,3316,% Excellence,23.1,20.6,29,44.4,28.3
Mathematics 6,1,All,3316,Mark,73.6,68.8,69,71.5,64.1
Science 6,1,All,3316,% Acceptable,94.9,100,96.7,100,93.6
Science 6,1,All,3316,% Excellence,53.8,47.1,66.7,63.9,57.4
Science 6,1,All,3316,Mark,73.5,80.6,81.4,81,76.7
Social Studies 6,1,All,3316,% Acceptable,94.9,100,96.8,97.2,85.1
Social Studies 6,1,All,3316,% Excellence,25.6,47.1,41.9,55.6,34
Social Studies 6,1,All,3316,Mark,75.1,82.4,75.9,79.7,70.2
English Language Arts 3,1,English,3318,% Acceptable,50,87.5,100,93.3,null
English Language Arts 3,1,English,3318,% Excellence,12.5,0,9.1,26.7,null
English Language Arts 3,1,English,3318,Mark,55.1,66.9,69.8,69.3,null
Mathematics 3,1,All,3318,% Acceptable,50,75,90.9,86.7,null
Mathematics 3,1,All,3318,% Excellence,12.5,37.5,27.3,26.7,null
Mathematics 3,1,All,3318,Mark,54.4,73.8,74.1,69.8,null
English Language Arts 6,1,English,3318,% Acceptable,76.9,80,100,60,100
English Language Arts 6,1,English,3318,% Excellence,46.2,40,50,0,25
English Language Arts 6,1,English,3318,Mark,65.8,68.5,78.8,58.8,74.8
Mathematics 6,1,All,3318,% Acceptable,64.3,80,100,60,100
Mathematics 6,1,All,3318,% Excellence,28.6,20,75,20,50
Mathematics 6,1,All,3318,Mark,63.5,62,83,45.2,66
Science 6,1,All,3318,% Acceptable,78.6,80,100,80,100
Science 6,1,All,3318,% Excellence,42.9,60,100,20,50
Science 6,1,All,3318,Mark,62.6,71.4,92,63.6,81
Social Studies 6,1,All,3318,% Acceptable,64.3,80,100,80,100
Social Studies 6,1,All,3318,% Excellence,35.7,30,50,20,50
Social Studies 6,1,All,3318,Mark,60.5,75,79.5,63.2,78.5
English Language Arts 9,1,English,3321,% Acceptable,93.9,91.2,88.8,92.5,90.8
English Language Arts 9,1,English,3321,% Excellence,24.8,19.1,13.8,14.5,19.4
English Language Arts 9,1,English,3321,Mark,69.7,68.4,66.6,67.7,68.9
Mathematics 9,1,All,3321,% Acceptable,null,70.1,74,81.3,81.1
Mathematics 9,1,All,3321,% Excellence,null,11.3,14.8,11.2,17.5
Mathematics 9,2,All,3321,Mark,60.2,null,null,null,null
Mathematics 9,1,All,3321,Mark,null,63.9,54.9,59.4,61
Science 9,1,All,3321,% Acceptable,89.6,88.7,83.2,91,88.5
Science 9,1,All,3321,% Excellence,23.9,24,22.3,31.2,28.4
Science 9,1,All,3321,Mark,71.9,69.4,64.3,70.8,69.7
Social Studies 9,1,All,3321,% Acceptable,82.3,79.5,76.1,78.4,78.9
Social Studies 9,1,All,3321,% Excellence,21.2,20.5,15.2,22.2,22.9
Social Studies 9,1,All,3321,Mark,69.7,66.5,63.8,68,65
Biology 30,,All,3322,% Acceptable,87.6,93.1,94.9,90.8,89.8
Biology 30,,All,3322,% Excellence,24.4,30.1,27.8,29.8,31.6
Biology 30,,All,3322,Course Mark,68.4,70.2,69.5,70.1,69.9
Biology 30,,All,3322,Exam Mark,67.4,70,69.5,66.8,68.2
Chemistry 30,,All,3322,% Acceptable,85,73.7,79.5,92.2,84
Chemistry 30,,All,3322,% Excellence,21.6,17.9,24.4,26.7,26
Chemistry 30,,All,3322,Course Mark,67.3,62.9,68.2,70.7,67.2
Chemistry 30,,All,3322,Exam Mark,61.9,57,62.3,67.2,63.1
English Lang Arts 30-1,,All,3322,% Acceptable,98.4,97.5,97.9,99.1,98.7
English Lang Arts 30-1,,All,3322,% Excellence,12,17.4,11.2,12.6,13.1
English Lang Arts 30-1,,All,3322,Course Mark,72.5,71.6,72.4,72.1,72.6
English Lang Arts 30-1,,All,3322,Exam Mark,61.1,61.6,60.3,62.5,63
English Lang Arts 30-2,,All,3322,% Acceptable,97.4,100,94.7,93.6,97
English Lang Arts 30-2,,All,3322,% Excellence,5.2,1.1,0,1.3,4
English Lang Arts 30-2,,All,3322,Course Mark,68,61.9,59.1,61.8,63.6
English Lang Arts 30-2,,All,3322,Exam Mark,61.7,64.4,62.8,61.2,66.1
Mathematics 30-1,,All,3322,% Acceptable,null,null,null,92.3,89.2
Mathematics 30-1,,All,3322,% Excellence,null,null,null,33.8,24.2
Mathematics 30-1,,All,3322,Course Mark,null,null,null,74.5,75.2
Mathematics 30-1,,All,3322,Exam Mark,null,null,null,67.8,60.7
Mathematics 30-2,,All,3322,% Acceptable,null,null,null,78.3,80.6
Mathematics 30-2,,All,3322,% Excellence,null,null,null,1.9,12.1
Mathematics 30-2,,All,3322,Course Mark,null,null,null,62.2,65.7
Mathematics 30-2,,All,3322,Exam Mark,null,null,null,52.3,56.3
Physics 30,,All,3322,% Acceptable,81.4,70.3,92.3,90.6,96.9
Physics 30,,All,3322,% Excellence,18.6,20.3,32.7,29.7,40.6
Physics 30,,All,3322,Course Mark,67.6,65.7,70.4,69.2,73.2
Physics 30,,All,3322,Exam Mark,57,56.8,70.7,67.2,72.7
Science 30,,All,3322,% Acceptable,87.5,91.5,81,88.9,92.2
Science 30,,All,3322,% Excellence,25,16.9,15.5,7.9,21.1
Science 30,,All,3322,Course Mark,68.2,64.8,64.2,60.7,65.3
Science 30,,All,3322,Exam Mark,65.5,65.7,61.4,61.9,66.8
Social Studies 30-1,,All,3322,% Acceptable,94.6,96.6,97.4,97.3,93.8
Social Studies 30-1,,All,3322,% Excellence,15.2,15.3,11.9,15.5,11
Social Studies 30-1,,All,3322,Course Mark,68.9,70.6,69.3,72,69.8
Social Studies 30-1,,All,3322,Exam Mark,64.5,63.8,62.4,62.4,62.8
Social Studies 30-2,,All,3322,% Acceptable,92.9,96.4,91.2,97.1,91.2
Social Studies 30-2,,All,3322,% Excellence,8.8,6.5,2,5.7,9.6
Social Studies 30-2,,All,3322,Course Mark,61.4,60.6,57.1,64.3,63.5
Social Studies 30-2,,All,3322,Exam Mark,66.2,68.1,61.3,61.3,63.3
English Lang Arts 9 KAE,1,English,3323,% Acceptable,80,100,100,75,null
English Lang Arts 9 KAE,1,English,3323,% Excellence,20,0,50,0,null
English Lang Arts 9 KAE,1,English,3323,Mark,61,73,73,63.8,null
English Language Arts 9,1,English,3323,% Acceptable,90.1,92.2,93.4,93.1,88.9
English Language Arts 9,1,English,3323,% Excellence,16.1,17,17.6,16.7,30.4
English Language Arts 9,1,English,3323,Mark,67,68.3,67.9,67.7,69.9
French Language Arts 9,1,French,3323,% Acceptable,96.6,100,100,88.2,95
French Language Arts 9,1,French,3323,% Excellence,6.9,0,0,11.8,15
French Language Arts 9,1,French,3323,Mark,68.4,68.6,69.6,69.9,71.6
Mathematics 9,1,English,3323,% Acceptable,76.5,72.1,81.1,78,79.5
Mathematics 9,1,All,3323,% Acceptable,78.3,73,80.1,77.1,80.3
Mathematics 9,1,All,3323,% Excellence,23,22.4,26.5,26.4,25
Mathematics 9,1,English,3323,% Excellence,23.5,24.3,27.9,27.6,25
Mathematics 9,1,English,3323,Mark,61.3,67.2,61.5,63.5,62.3
Mathematics 9,1,All,3323,Mark,62.2,67.5,61.1,62.6,62.8
Mathematics 9 (Fr),1,French,3323,% Acceptable,86.2,81.3,71.4,70.6,85
Mathematics 9 (Fr),1,French,3323,% Excellence,20.7,6.3,14.3,17.6,25
Mathematics 9 (Fr),1,French,3323,Mark,66.2,69.8,58.3,55.5,66
Mathematics 9 KAE,1,All,3323,% Acceptable,20,100,100,66.7,75
Mathematics 9 KAE,1,All,3323,% Excellence,0,66.7,50,33.3,0
Mathematics 9 KAE,1,All,3323,Mark,44.8,84,79,64.3,58.5
Science 9,1,English,3323,% Acceptable,88,79.4,86,83.7,79.3
Science 9,1,All,3323,% Acceptable,87,79.6,85.2,83.6,82.4
Science 9,1,All,3323,% Excellence,20.4,20.4,23,21.2,26.5
Science 9,1,English,3323,% Excellence,22.6,22.1,24.8,21.7,24.1
Science 9,1,All,3323,Mark,66.3,64.7,65.2,65.2,67
Science 9,1,English,3323,Mark,66.7,64.8,66,65.9,66.2
Science 9 (Fr),1,French,3323,% Acceptable,82.8,81.3,78.6,82.4,100
Science 9 (Fr),1,French,3323,% Excellence,10.3,6.3,7.1,17.6,40
Science 9 (Fr),1,French,3323,Mark,64.3,63.3,58.4,59.4,71.8
Science 9 KAE,1,All,3323,% Acceptable,60,100,100,75,null
Science 9 KAE,1,All,3323,% Excellence,20,33.3,0,0,null
Science 9 KAE,1,All,3323,Mark,54.4,75.3,78,62.5,null
Social Studies 9,1,English,3323,% Acceptable,78.4,74.5,76.7,73.4,71.4
Social Studies 9,1,All,3323,% Acceptable,79.1,77.1,78.4,74.5,75
Social Studies 9,1,All,3323,% Excellence,18.4,20.3,23.1,21.4,28.8
Social Studies 9,1,English,3323,% Excellence,20.9,22.6,25,22.7,29.5
Social Studies 9,1,English,3323,Mark,67.3,65.1,67.3,65.7,65.4
Social Studies 9,1,All,3323,Mark,66.7,65.1,67.2,65.8,66.5
Social Studies 9 KAE,1,All,3323,% Acceptable,40,100,100,75,null
Social Studies 9 KAE,1,All,3323,% Excellence,0,50,0,25,null
Social Studies 9 KAE,1,All,3323,Mark,55.6,80,68,66,null
English Language Arts 3,1,English,3324,% Acceptable,82.5,92.1,94.6,82.7,null
English Language Arts 3,1,English,3324,% Excellence,14,9.5,18.9,14.7,null
English Language Arts 3,1,English,3324,Mark,65.6,69.6,69.1,64.8,null
Mathematics 3,1,All,3324,% Acceptable,null,88.9,86.5,77.3,null
Mathematics 3,1,All,3324,% Excellence,null,34.9,35.1,21.3,null
Mathematics 3,2,All,3324,Mark,67.3,null,null,null,null
Mathematics 3,1,All,3324,Mark,null,76.4,74.5,67.5,null
English Language Arts 6,1,English,3324,% Acceptable,94.8,97.1,100,100,98.4
English Language Arts 6,1,English,3324,% Excellence,20.7,17.4,24.1,14.3,24.2
English Language Arts 6,1,English,3324,Mark,68.4,67.1,71.6,68.7,71.9
Mathematics 6,1,All,3324,% Acceptable,null,87,96.6,95.2,100
Mathematics 6,1,All,3324,% Excellence,null,31.9,36.2,27,30.6
Mathematics 6,2,All,3324,Mark,73.8,null,null,null,null
Mathematics 6,1,All,3324,Mark,null,70.3,71.3,66,70.7
Science 6,1,All,3324,% Acceptable,98.3,92.8,96.6,96.8,100
Science 6,1,All,3324,% Excellence,43.1,37.7,37.9,36.5,50
Science 6,1,All,3324,Mark,74.9,73,75.9,70.9,77.2
Social Studies 6,1,All,3324,% Acceptable,93.2,87,91.4,96.8,96.8
Social Studies 6,1,All,3324,% Excellence,22,24.6,27.6,23.8,27.4
Social Studies 6,1,All,3324,Mark,74.9,72.5,71.2,70.5,75.2
English Language Arts 3,1,English,3325,% Acceptable,89.1,98.3,100,96.4,null
English Language Arts 3,1,English,3325,% Excellence,26.1,23.7,39.1,16.1,null
English Language Arts 3,1,English,3325,Mark,70.3,74.6,76.2,71.6,null
French Language Arts 3,1,French,3325,% Acceptable,79.6,94.8,93.5,90.9,null
French Language Arts 3,1,French,3325,% Excellence,6.1,12.1,24.2,18.2,null
French Language Arts 3,1,French,3325,Mark,65.7,71.4,77.6,72.4,null
Mathematics 3,1,All,3325,% Acceptable,68.1,88.1,93.8,85.7,null
Mathematics 3,1,All,3325,% Excellence,6.4,33.9,34.4,23.2,null
Mathematics 3,1,All,3325,Mark,60.4,74.9,75.3,69.3,null
Mathematics 3 (Fr),1,French,3325,% Acceptable,68.1,88.1,93.8,85.7,null
Mathematics 3 (Fr),1,French,3325,% Excellence,6.4,33.9,34.4,23.2,null
Mathematics 3 (Fr),1,French,3325,Mark,60.4,74.9,75.3,69.3,null
English Language Arts 6,1,English,3325,% Acceptable,94.6,100,97.5,91.1,98
English Language Arts 6,1,English,3325,% Excellence,24.3,60,30,6.7,23.5
English Language Arts 6,1,English,3325,Mark,68.6,79.2,73.8,65.6,69.5
French Language Arts 6,1,French,3325,% Acceptable,89.2,97.5,90.2,86.7,86.8
French Language Arts 6,1,French,3325,% Excellence,5.4,35,14.6,15.6,18.9
French Language Arts 6,1,French,3325,Mark,62.4,77.3,69,65.7,67.9
Mathematics 6,1,All,3325,% Acceptable,75.7,92.5,90.2,73.3,79.6
Mathematics 6,1,All,3325,% Excellence,2.7,20,19.5,11.1,13
Mathematics 6,1,All,3325,Mark,65,69.5,63.5,53.5,54.7
Mathematics 6 (Fr),1,French,3325,% Acceptable,75.7,92.5,90.2,73.3,79.6
Mathematics 6 (Fr),1,French,3325,% Excellence,2.7,20,19.5,11.1,13
Mathematics 6 (Fr),1,French,3325,Mark,65,69.5,63.5,53.5,54.7
Science 6,1,All,3325,% Acceptable,62.2,92.5,85.4,75.6,79.6
Science 6,1,All,3325,% Excellence,13.5,22.5,29.3,6.7,13
Science 6,1,All,3325,Mark,56.4,71.4,69.4,55.7,60.4
Science 6 (Fr),1,French,3325,% Acceptable,62.2,92.5,85.4,75.6,79.6
Science 6 (Fr),1,French,3325,% Excellence,13.5,22.5,29.3,6.7,13
Science 6 (Fr),1,French,3325,Mark,56.4,71.4,69.4,55.7,60.4
Social Studies 6,1,All,3325,% Acceptable,56.8,95,85.4,75,69.8
Social Studies 6,1,All,3325,% Excellence,2.7,25,14.6,2.3,1.9
Social Studies 6,1,All,3325,Mark,55.3,75.7,64.6,57,54.2
English Language Arts 3,1,English,3326,% Acceptable,97,100,98.7,100,null
English Language Arts 3,1,English,3326,% Excellence,37.3,31,42.3,29.4,null
English Language Arts 3,1,English,3326,Mark,76.5,75.5,77.2,74.3,null
Mathematics 3,1,All,3326,% Acceptable,92.5,93.1,97.4,94.1,null
Mathematics 3,1,All,3326,% Excellence,40.3,37.9,41,47.1,null
Mathematics 3,1,All,3326,Mark,79.2,77.7,79.3,81.8,null
English Language Arts 6,1,English,3326,% Acceptable,98.3,98.2,98.6,97.4,100
English Language Arts 6,1,English,3326,% Excellence,13.3,17.5,20.3,30.8,25.5
English Language Arts 6,1,English,3326,Mark,69.4,68.1,71.5,71.3,71.7
Mathematics 6,1,All,3326,% Acceptable,91.7,87.7,91.2,85.9,94.5
Mathematics 6,1,All,3326,% Excellence,26.7,31.6,22.1,30.8,18.2
Mathematics 6,1,All,3326,Mark,76,71.2,64.1,61.6,64.5
Science 6,1,All,3326,% Acceptable,93.3,93,95.7,94.9,96.4
Science 6,1,All,3326,% Excellence,46.7,42.1,40.6,44.9,50.9
Science 6,1,All,3326,Mark,73.1,74.3,75.2,72.8,76.7
Social Studies 6,1,All,3326,% Acceptable,85,87.7,91.2,91,87.3
Social Studies 6,1,All,3326,% Excellence,18.3,24.6,29.4,21.8,43.6
Social Studies 6,1,All,3326,Mark,70.6,73.9,69.9,67.1,73.9
English Language Arts 3,1,English,3328,% Acceptable,88.1,93.9,100,95,null
English Language Arts 3,1,English,3328,% Excellence,26.2,21.2,37.2,12.5,null
English Language Arts 3,1,English,3328,Mark,71.6,72.8,75.6,70.8,null
Mathematics 3,1,All,3328,% Acceptable,84.8,94.1,81.4,82.9,null
Mathematics 3,1,All,3328,% Excellence,21.7,38.2,20.9,29.3,null
Mathematics 3,1,All,3328,Mark,69.3,77,68.9,68.8,null
English Language Arts 6,1,English,3328,% Acceptable,88.4,93.2,97.9,98.1,95.6
English Language Arts 6,1,English,3328,% Excellence,23.3,15.9,12.5,21.2,26.7
English Language Arts 6,1,English,3328,Mark,67,63.9,67.3,70.3,71.9
Mathematics 6,1,All,3328,% Acceptable,73.8,72.7,83.7,75,88.9
Mathematics 6,1,All,3328,% Excellence,23.8,13.6,18.4,5.8,13.3
Mathematics 6,1,All,3328,Mark,67.9,59.5,61.9,50.1,57.1
Science 6,1,All,3328,% Acceptable,78,86.4,95.9,92.2,97.8
Science 6,1,All,3328,% Excellence,24.4,27.3,32.7,21.6,28.9
Science 6,1,All,3328,Mark,60.6,67.3,75.1,68.1,69.3
Social Studies 6,1,All,3328,% Acceptable,81.4,70.5,89.8,88.2,86.7
Social Studies 6,1,All,3328,% Excellence,14,20.5,22.4,11.8,24.4
Social Studies 6,1,All,3328,Mark,69.5,68,67.9,68,70.8
English Language Arts 3,1,English,3329,% Acceptable,97.9,94.9,98.2,92.7,null
English Language Arts 3,1,English,3329,% Excellence,25.5,30.8,29.1,41.5,null
English Language Arts 3,1,English,3329,Mark,72.2,73.3,73.5,74,null
Mathematics 3,1,All,3329,% Acceptable,95.7,86.8,90.9,84.2,null
Mathematics 3,1,All,3329,% Excellence,27.7,21.1,27.3,23.7,null
Mathematics 3,1,All,3329,Mark,76.9,73.6,73.4,72.6,null
English Language Arts 6,1,English,3329,% Acceptable,93.9,100,100,98,90.5
English Language Arts 6,1,English,3329,% Excellence,22.4,20.9,18,21.6,16.7
English Language Arts 6,1,English,3329,Mark,70,69.6,70.5,69.4,66.9
Mathematics 6,1,All,3329,% Acceptable,90.9,90.7,96,86.3,81
Mathematics 6,1,All,3329,% Excellence,27.3,27.9,24,19.6,9.5
Mathematics 6,1,All,3329,Mark,75.6,70.9,67.8,59.7,52.8
Science 6,1,All,3329,% Acceptable,95.9,95.3,100,96.1,85.7
Science 6,1,All,3329,% Excellence,49,41.9,56,25.5,21.4
Science 6,1,All,3329,Mark,72.9,76.4,80.4,69.1,66.9
Social Studies 6,1,All,3329,% Acceptable,87.8,95.3,92,87.8,83.3
Social Studies 6,1,All,3329,% Excellence,26.5,34.9,24,18.4,9.5
Social Studies 6,1,All,3329,Mark,72.4,76.3,70.7,66.5,66.6
English Lang Arts 9 KAE,1,English,3330,% Acceptable,null,null,null,null,66.7
English Lang Arts 9 KAE,1,English,3330,Mark,null,null,null,null,59.7
English Language Arts 9,1,English,3330,% Acceptable,96,94.5,95,88.4,95.9
English Language Arts 9,1,English,3330,% Excellence,30.5,28.1,30.6,18.9,20.6
English Language Arts 9,1,English,3330,Mark,71.5,71.6,72,67.5,69.4
Mathematics 9,1,All,3330,% Acceptable,85.3,82.6,87.6,68.8,83.7
Mathematics 9,1,All,3330,% Excellence,35,28.9,35.4,25.9,27.9
Mathematics 9,1,All,3330,Mark,68.6,72.9,66.9,60.2,66
Science 9,1,All,3330,% Acceptable,89.8,85.7,93.3,86.2,90.2
Science 9,1,All,3330,% Excellence,30.5,25.3,30,28.6,37
Science 9,1,All,3330,Mark,73,68.6,68.6,67.3,72.6
Social Studies 9,1,All,3330,% Acceptable,88.2,86.9,86,71.6,79.5
Social Studies 9,1,All,3330,% Excellence,43.8,38.3,35.8,23.2,25.7
Social Studies 9,1,All,3330,Mark,76.5,72.2,71.9,65.8,66.9
English Language Arts 3,1,English,3331,% Acceptable,97.8,100,96.3,100,null
English Language Arts 3,1,English,3331,% Excellence,43.5,46.3,46.3,44.9,null
English Language Arts 3,1,English,3331,Mark,79.7,80.4,77.1,78.5,null
Mathematics 3,1,All,3331,% Acceptable,93.5,96.3,98.1,100,null
Mathematics 3,1,All,3331,% Excellence,50,50,51.9,51.4,null
Mathematics 3,1,All,3331,Mark,83.2,83.6,82.3,84.5,null
English Language Arts 6,1,English,3331,% Acceptable,98.1,100,98.5,100,100
English Language Arts 6,1,English,3331,% Excellence,11.3,29.1,34.3,23.4,47.3
English Language Arts 6,1,English,3331,Mark,68.4,72.4,73.3,72.1,77.1
Mathematics 6,1,All,3331,% Acceptable,96.2,94.5,98.5,93.6,98.2
Mathematics 6,1,All,3331,% Excellence,34,32.7,45.6,29.8,50.9
Mathematics 6,1,All,3331,Mark,78.1,72.9,76.9,67.3,74.4
Science 6,1,All,3331,% Acceptable,94.3,98.2,97.1,97.9,100
Science 6,1,All,3331,% Excellence,50.9,49.1,75,66,65.5
Science 6,1,All,3331,Mark,76,78.3,83.2,79.6,81.1
Social Studies 6,1,All,3331,% Acceptable,96.2,90.9,98.5,95.7,96.4
Social Studies 6,1,All,3331,% Excellence,41.5,23.6,38.8,36.2,52.7
Social Studies 6,1,All,3331,Mark,80.1,74.3,76.8,73.8,79.1
English Language Arts 3,1,English,3332,% Acceptable,100,100,100,100,null
English Language Arts 3,1,English,3332,Mark,56.5,60.2,70,63.3,null
Mathematics 3,1,All,3332,% Acceptable,50,100,100,75,null
Mathematics 3,1,All,3332,Mark,46.5,63.5,77.5,63.8,null
English Language Arts 6,1,English,3332,% Acceptable,66.7,100,100,100,100
English Language Arts 6,1,English,3332,Mark,49,56,64,55.5,54.2
Mathematics 6,1,All,3332,% Acceptable,66.7,100,100,50,80
Mathematics 6,1,All,3332,Mark,44.4,50,48,34,51.6
English Language Arts 9,1,English,3332,% Acceptable,100,100,null,null,null
English Language Arts 9,1,English,3332,Mark,56,56,null,null,null
Mathematics 9,1,All,3332,% Acceptable,100,100,null,null,null
Mathematics 9,1,All,3332,Mark,44.9,56,null,null,null
English Language Arts 3,1,English,3333,% Acceptable,93.9,95.2,94.5,96.8,null
English Language Arts 3,1,English,3333,% Excellence,21.2,24.1,18.2,14.5,null
English Language Arts 3,1,English,3333,Mark,71.3,72.3,70.2,70.3,null
Mathematics 3,1,All,3333,% Acceptable,87.9,89.4,87.3,93.7,null
Mathematics 3,1,All,3333,% Excellence,28.8,32.9,29.1,30.2,null
Mathematics 3,1,All,3333,Mark,73.4,75.3,73.5,75.9,null
English Language Arts 6,1,English,3333,% Acceptable,98.4,100,100,97.2,98.8
English Language Arts 6,1,English,3333,% Excellence,33.9,34.6,28.8,25,27.2
English Language Arts 6,1,English,3333,Mark,70.7,71.8,70.3,70.8,72.5
Mathematics 6,1,All,3333,% Acceptable,90.3,92.5,91.3,88.9,94
Mathematics 6,1,All,3333,% Excellence,25.8,37.5,22.5,25,24.1
Mathematics 6,1,All,3333,Mark,73.4,73.9,65.5,62.6,64.5
Science 6,1,All,3333,% Acceptable,87.1,95,93.6,94.5,92.8
Science 6,1,All,3333,% Excellence,37.1,43.8,41,31.5,42.2
Science 6,1,All,3333,Mark,68.8,76.1,75,71,72.7
Social Studies 6,1,All,3333,% Acceptable,87.1,96.3,92.5,97.3,93.8
Social Studies 6,1,All,3333,% Excellence,37.1,46.3,38.8,43.8,41.3
Social Studies 6,1,All,3333,Mark,75.8,81.5,73.7,77.4,78.1
English Language Arts 3,1,English,3334,% Acceptable,92.5,98.1,96.8,94.4,null
English Language Arts 3,1,English,3334,% Excellence,30.2,32.1,37.1,11.1,null
English Language Arts 3,1,English,3334,Mark,73.7,74.5,75.7,66.7,null
Mathematics 3,1,All,3334,% Acceptable,96.2,90.9,93.5,87,null
Mathematics 3,1,All,3334,% Excellence,37.7,40,35.5,14.8,null
Mathematics 3,1,All,3334,Mark,79.8,77.3,77.3,69.4,null
English Language Arts 6,1,English,3334,% Acceptable,100,100,98.1,91.7,96.6
English Language Arts 6,1,English,3334,% Excellence,22.2,20.6,17.3,25,25.4
English Language Arts 6,1,English,3334,Mark,71.5,68.1,68.3,68.3,69.4
Mathematics 6,1,All,3334,% Acceptable,98.2,89.7,90.4,83.3,86.4
Mathematics 6,1,All,3334,% Excellence,23.6,32.4,23.1,16.7,18.6
Mathematics 6,1,All,3334,Mark,77.8,70.5,67.8,57.3,59.6
Science 6,1,All,3334,% Acceptable,94.5,94.1,90.4,85,96.6
Science 6,1,All,3334,% Excellence,43.6,29.4,34.6,38.3,37.9
Science 6,1,All,3334,Mark,72.9,73.5,73.1,70.6,70.6
Social Studies 6,1,All,3334,% Acceptable,81.8,91.2,82.7,86.4,84.2
Social Studies 6,1,All,3334,% Excellence,27.3,25,17.3,27.1,17.5
Social Studies 6,1,All,3334,Mark,69.8,72.8,65.3,67.1,67.9
English Language Arts 3,1,English,3335,% Acceptable,93.1,93.8,100,100,null
English Language Arts 3,1,English,3335,% Excellence,13.8,18.8,32,29.6,null
English Language Arts 3,1,English,3335,Mark,69,72.6,74.4,73.4,null
Mathematics 3,1,All,3335,% Acceptable,90,100,88,100,null
Mathematics 3,1,All,3335,% Excellence,20,43.8,24,40.7,null
Mathematics 3,1,All,3335,Mark,68.4,76.9,72.7,81.1,null
English Language Arts 6,1,English,3335,% Acceptable,100,100,95.2,100,100
English Language Arts 6,1,English,3335,% Excellence,26.1,50,33.3,31,44.1
English Language Arts 6,1,English,3335,Mark,70.5,74.7,72.3,73.9,74.1
Mathematics 6,1,All,3335,% Acceptable,91.3,95.5,100,96.6,85.3
Mathematics 6,1,All,3335,% Excellence,21.7,50,47.6,55.2,29.4
Mathematics 6,1,All,3335,Mark,74.7,79.7,76,74.4,63.2
Science 6,1,All,3335,% Acceptable,91.3,95.5,95.2,100,94.1
Science 6,1,All,3335,% Excellence,34.8,54.5,61.9,58.6,52.9
Science 6,1,All,3335,Mark,66.2,80.4,81.4,82.8,76.5
Social Studies 6,1,All,3335,% Acceptable,73.9,90.9,95.2,96.6,85.3
Social Studies 6,1,All,3335,% Excellence,8.7,45.5,47.6,51.7,44.1
Social Studies 6,1,All,3335,Mark,66.3,80,76.4,77.1,74.2
English Lang Arts 9 KAE,1,English,3335,% Acceptable,100,100,66.7,null,100
English Lang Arts 9 KAE,1,English,3335,% Excellence,20,0,33.3,null,0
English Lang Arts 9 KAE,1,English,3335,Mark,69.4,71,67.3,null,72.5
English Language Arts 9,1,English,3335,% Acceptable,96.4,91.8,94.1,88.9,90.7
English Language Arts 9,1,English,3335,% Excellence,12.5,12.2,14.7,28.9,14
English Language Arts 9,1,English,3335,Mark,68.1,68.8,68.3,69.9,67
Mathematics 9,1,All,3335,% Acceptable,91.1,77.6,88.2,84.4,88.4
Mathematics 9,1,All,3335,% Excellence,28.6,30.6,23.5,28.9,30.2
Mathematics 9,1,All,3335,Mark,70.2,73.4,64.5,66.3,66.8
Mathematics 9 KAE,1,All,3335,% Acceptable,100,100,66.7,null,100
Mathematics 9 KAE,1,All,3335,% Excellence,20,0,0,null,0
Mathematics 9 KAE,1,All,3335,Mark,75.2,78,60.7,null,66.7
Science 9,1,All,3335,% Acceptable,92.7,91.8,88.2,88.9,90.9
Science 9,1,All,3335,% Excellence,7.3,20.4,14.7,28.9,22.7
Science 9,1,All,3335,Mark,66.5,67.3,61.5,69.5,70.3
Science 9 KAE,1,All,3335,% Acceptable,60,100,66.7,null,100
Science 9 KAE,1,All,3335,% Excellence,0,0,33.3,null,0
Science 9 KAE,1,All,3335,Mark,62.8,80,68,null,59
Social Studies 9,1,All,3335,% Acceptable,83.9,83.7,88.2,75.6,75
Social Studies 9,1,All,3335,% Excellence,5.4,28.6,20.6,28.9,15.9
Social Studies 9,1,All,3335,Mark,67.1,69.4,69.7,68.1,65.3
Social Studies 9 KAE,1,All,3335,% Acceptable,100,100,66.7,null,50
Social Studies 9 KAE,1,All,3335,% Excellence,20,0,33.3,null,0
Social Studies 9 KAE,1,All,3335,Mark,70,80,72,null,55
English Language Arts 3,1,English,3336,% Acceptable,94.4,98.5,100,90.4,null
English Language Arts 3,1,English,3336,% Excellence,27.8,28.4,33.3,19.2,null
English Language Arts 3,1,English,3336,Mark,72.2,74.3,73.9,69.4,null
Mathematics 3,1,All,3336,% Acceptable,88.9,92.4,86.1,76.9,null
Mathematics 3,1,All,3336,% Excellence,30.6,39.4,30.6,19.2,null
Mathematics 3,1,All,3336,Mark,75.3,79.8,69.9,67.6,null
English Language Arts 6,1,English,3336,% Acceptable,94.6,95.7,95.7,100,96.4
English Language Arts 6,1,English,3336,% Excellence,26.8,15.2,19.1,26.8,28.6
English Language Arts 6,1,English,3336,Mark,69.8,66.2,68.4,70.9,72.3
Mathematics 6,1,All,3336,% Acceptable,94.6,95.5,84.4,90.2,93
Mathematics 6,1,All,3336,% Excellence,21.4,22.7,17.8,17.1,19.3
Mathematics 6,1,All,3336,Mark,73.7,70.6,62.3,57.7,62.8
Science 6,1,All,3336,% Acceptable,98.2,97.7,93.5,92.9,93
Science 6,1,All,3336,% Excellence,41.1,47.7,37,38.1,47.4
Science 6,1,All,3336,Mark,73.9,77.7,73.7,71.8,73.8
Social Studies 6,1,All,3336,% Acceptable,85.7,87,84.4,100,90.9
Social Studies 6,1,All,3336,% Excellence,28.6,28.3,37.8,32.5,25.5
Social Studies 6,1,All,3336,Mark,73.1,73.9,71.6,73.5,73.1
Biology 30,,All,3339,% Acceptable,100,100,100,100,88.9
Biology 30,,All,3339,% Excellence,51.7,34.1,15.6,40,29.6
Biology 30,,All,3339,Course Mark,83.7,85.4,73.6,82,72.6
Biology 30,,All,3339,Exam Mark,69.7,63.3,62.1,69,59.7
Chemistry 30,,All,3339,% Acceptable,96.4,94.4,89.6,91.3,86.4
Chemistry 30,,All,3339,% Excellence,17.9,30.6,18.8,17.4,13.6
Chemistry 30,,All,3339,Course Mark,73.6,82,72.7,78.7,75.7
Chemistry 30,,All,3339,Exam Mark,63.3,64.9,55.1,58,56.3
English Lang Arts 30-1,,All,3339,% Acceptable,100,97.1,100,100,100
English Lang Arts 30-1,,All,3339,% Excellence,6.5,5.9,24.3,29.5,11.1
English Lang Arts 30-1,,All,3339,Course Mark,71.5,76.6,75.6,75.7,73.1
English Lang Arts 30-1,,All,3339,Exam Mark,60.2,61.2,65.1,64.2,62.6
English Lang Arts 30-2,,All,3339,% Acceptable,100,100,100,100,100
English Lang Arts 30-2,,All,3339,% Excellence,0,0,20,0,20
English Lang Arts 30-2,,All,3339,Course Mark,68.8,66.4,72.4,75,73
English Lang Arts 30-2,,All,3339,Exam Mark,64.9,62.8,66.2,65.5,77.2
Mathematics 30-1,,All,3339,% Acceptable,null,null,null,81.8,78.3
Mathematics 30-1,,All,3339,% Excellence,null,null,null,22.7,4.3
Mathematics 30-1,,All,3339,Course Mark,null,null,null,71.6,71.7
Mathematics 30-1,,All,3339,Exam Mark,null,null,null,58,46.7
Mathematics 30-2,,All,3339,% Acceptable,null,null,null,84.6,93.3
Mathematics 30-2,,All,3339,% Excellence,null,null,null,15.4,33.3
Mathematics 30-2,,All,3339,Course Mark,null,null,null,71.9,71.7
Mathematics 30-2,,All,3339,Exam Mark,null,null,null,63.2,64.1
Physics 30,,All,3339,% Acceptable,92.9,95.2,94.4,94.1,100
Physics 30,,All,3339,% Excellence,14.3,33.3,50,35.3,28.6
Physics 30,,All,3339,Course Mark,71,74.4,76.1,74.7,77.9
Physics 30,,All,3339,Exam Mark,59.6,66.6,67.9,69.4,65.1
Science 30,,All,3339,% Acceptable,100,null,100,null,null
Science 30,,All,3339,% Excellence,50,null,28.6,null,null
Science 30,,All,3339,Course Mark,79.3,null,70.9,null,null
Science 30,,All,3339,Exam Mark,71,null,64.3,null,null
Social Studies 30-1,,All,3339,% Acceptable,100,100,95.5,100,100
Social Studies 30-1,,All,3339,% Excellence,13.3,13,27.3,46.7,43.8
Social Studies 30-1,,All,3339,Course Mark,72,71.6,73.3,88.3,75.6
Social Studies 30-1,,All,3339,Exam Mark,64,58.8,66.5,66.2,72.2
Social Studies 30-2,,All,3339,% Acceptable,80,100,100,100,null
Social Studies 30-2,,All,3339,% Excellence,20,25,0,25,null
Social Studies 30-2,,All,3339,Course Mark,66,76.8,67.2,70,null
Social Studies 30-2,,All,3339,Exam Mark,58.2,72.3,63,56.5,null
Biology 30,,All,3340,% Acceptable,95.4,96.9,94.7,95.8,92.7
Biology 30,,All,3340,% Excellence,28.2,29.6,19,33.6,29.8
Biology 30,,All,3340,Course Mark,73.4,73.4,70.1,72.9,71.5
Biology 30,,All,3340,Exam Mark,67.9,69.3,63.8,70,68.7
Chemistry 30,,All,3340,% Acceptable,89.9,82.3,89.9,89.1,93.9
Chemistry 30,,All,3340,% Excellence,29.8,19.9,29.1,30.3,35.1
Chemistry 30,,All,3340,Course Mark,72.1,68.6,71.1,72.2,73.4
Chemistry 30,,All,3340,Exam Mark,66.4,61.6,65.2,65.1,68.1
English Lang Arts 30-1,,All,3340,% Acceptable,98.9,98.7,98.4,99.2,100
English Lang Arts 30-1,,All,3340,% Excellence,18.1,17.7,15.9,18.4,21.2
English Lang Arts 30-1,,All,3340,Course Mark,73.1,71,72.1,71.3,72.1
English Lang Arts 30-1,,All,3340,Exam Mark,65.4,66.4,66.6,68.6,70.2
English Lang Arts 30-2,,All,3340,% Acceptable,97,99.1,97.2,98.1,97.6
English Lang Arts 30-2,,All,3340,% Excellence,10,6.5,19.4,9.3,9.5
English Lang Arts 30-2,,All,3340,Course Mark,64.6,61.6,68.8,66.3,65.2
English Lang Arts 30-2,,All,3340,Exam Mark,66.8,70.2,70.4,71.4,71.2
Mathematics 30-1,,All,3340,% Acceptable,null,null,null,90.3,90.4
Mathematics 30-1,,All,3340,% Excellence,null,null,null,46.5,32.2
Mathematics 30-1,,All,3340,Course Mark,null,null,null,74.6,74.3
Mathematics 30-1,,All,3340,Exam Mark,null,null,null,71.9,66.2
Mathematics 30-2,,All,3340,% Acceptable,null,null,null,90.7,89.7
Mathematics 30-2,,All,3340,% Excellence,null,null,null,11.6,17.8
Mathematics 30-2,,All,3340,Course Mark,null,null,null,65.7,68.6
Mathematics 30-2,,All,3340,Exam Mark,null,null,null,64.4,64.3
Physics 30,,All,3340,% Acceptable,90.5,88.6,89.9,94.9,96.2
Physics 30,,All,3340,% Excellence,15.2,18.4,25.7,35.6,39.7
Physics 30,,All,3340,Course Mark,75.1,72.9,71.8,74.7,75.3
Physics 30,,All,3340,Exam Mark,57.4,55.8,64.2,70.2,70
Science 30,,All,3340,% Acceptable,100,87,96.7,91.5,95.5
Science 30,,All,3340,% Excellence,10,13,16.7,27.7,28.8
Science 30,,All,3340,Course Mark,65.2,62.9,68.6,68.4,68.2
Science 30,,All,3340,Exam Mark,63,65.1,64.9,70.9,69.9
Social Studies 30-1,,All,3340,% Acceptable,97.8,98.3,100,97.8,98.2
Social Studies 30-1,,All,3340,% Excellence,14.3,20.5,21.2,21.6,18.3
Social Studies 30-1,,All,3340,Course Mark,71.1,72.1,73.2,71.6,71.4
Social Studies 30-1,,All,3340,Exam Mark,65.4,65.8,65.9,67,66
Social Studies 30-2,,All,3340,% Acceptable,96.9,97.9,98.1,99.1,91.3
Social Studies 30-2,,All,3340,% Excellence,2,19.6,18.9,20.5,9.6
Social Studies 30-2,,All,3340,Course Mark,63.7,70.4,69,70.4,66.9
Social Studies 30-2,,All,3340,Exam Mark,63,67.8,67.7,68.3,66.4
English Language Arts 3,1,English,3341,% Acceptable,94.7,98,91.5,98.1,null
English Language Arts 3,1,English,3341,% Excellence,15.8,23.5,17,23.1,null
English Language Arts 3,1,English,3341,Mark,67.6,74.3,67.6,71.8,null
Mathematics 3,1,All,3341,% Acceptable,78.9,84.9,85.4,92.3,null
Mathematics 3,1,All,3341,% Excellence,7.9,30.2,27.1,26.9,null
Mathematics 3,1,All,3341,Mark,64.1,74.7,72.7,73.7,null
English Language Arts 6,1,English,3341,% Acceptable,96.5,100,95.3,87.2,96.5
English Language Arts 6,1,English,3341,% Excellence,22.8,19.2,18.8,15.4,19.3
English Language Arts 6,1,English,3341,Mark,68.8,68.6,68.9,65,69.7
Mathematics 6,1,All,3341,% Acceptable,89.5,94.1,93.5,86.5,91.1
Mathematics 6,1,All,3341,% Excellence,12.3,21.6,30.6,10.8,23.2
Mathematics 6,1,All,3341,Mark,71.2,70.9,69.6,56.2,61.8
Science 6,1,All,3341,% Acceptable,91.2,94.2,95.4,89.7,89.5
Science 6,1,All,3341,% Excellence,33.3,44.2,36.9,30.8,29.8
Science 6,1,All,3341,Mark,69.4,76.5,74.2,65.5,69.4
Social Studies 6,1,All,3341,% Acceptable,87.7,92.3,89.2,79.5,86
Social Studies 6,1,All,3341,% Excellence,21.1,46.2,23.1,15.4,21.1
Social Studies 6,1,All,3341,Mark,72.5,78.4,69,62.6,67.2
English Language Arts 9,1,English,3395,% Acceptable,97.6,97.7,98.9,98.9,96.6
English Language Arts 9,1,English,3395,% Excellence,27.7,37.9,42.9,35.6,27.6
English Language Arts 9,1,English,3395,Mark,72.1,76.2,77.1,73.7,73.4
Mathematics 9,1,All,3395,% Acceptable,89.2,95.4,92.3,94.3,94.2
Mathematics 9,1,All,3395,% Excellence,31.3,25.3,38.5,38.6,41.9
Mathematics 9,1,All,3395,Mark,71.1,74.6,69.1,74.3,73.1
Science 9,1,All,3395,% Acceptable,96.4,94.3,97.8,96.6,95.5
Science 9,1,All,3395,% Excellence,34.5,29.9,41.8,48.9,45.5
Science 9,1,All,3395,Mark,75.4,73.7,74.4,78,76.9
Social Studies 9,1,All,3395,% Acceptable,91.6,89.7,95.6,93.1,89.8
Social Studies 9,1,All,3395,% Excellence,31.3,34.5,29.7,42.5,43.2
Social Studies 9,1,All,3395,Mark,76.1,71.8,74.4,77.6,73.7
Biology 30,,All,3395,% Acceptable,96.6,98,92.7,98.5,94.1
Biology 30,,All,3395,% Excellence,44.8,32.7,41.8,40.3,35.3
Biology 30,,All,3395,Course Mark,78.2,75.1,73.1,74.9,74.3
Biology 30,,All,3395,Exam Mark,71.8,73.2,72.5,74.4,72.3
Chemistry 30,,All,3395,% Acceptable,95.8,93.2,94.1,80.9,80
Chemistry 30,,All,3395,% Excellence,35.4,34.1,26.5,38.3,11.1
Chemistry 30,,All,3395,Course Mark,77,74.7,75.8,71.1,66.5
Chemistry 30,,All,3395,Exam Mark,69.4,65.4,64.7,66.2,56.2
English Lang Arts 30-1,,All,3395,% Acceptable,100,100,100,100,100
English Lang Arts 30-1,,All,3395,% Excellence,20,34.4,29,23.2,21.3
English Lang Arts 30-1,,All,3395,Course Mark,73.1,74.1,74.6,74.2,72
English Lang Arts 30-1,,All,3395,Exam Mark,67.7,71.5,72.9,71.8,69.9
English Lang Arts 30-2,,All,3395,% Acceptable,100,100,100,100,83.3
English Lang Arts 30-2,,All,3395,% Excellence,0,0,0,8.3,0
English Lang Arts 30-2,,All,3395,Course Mark,51.5,60.5,69.2,66.7,52.5
English Lang Arts 30-2,,All,3395,Exam Mark,61,60,73.2,70.1,71.5
Mathematics 30-1,,All,3395,% Acceptable,null,null,null,95.8,91.7
Mathematics 30-1,,All,3395,% Excellence,null,null,null,47.9,20
Mathematics 30-1,,All,3395,Course Mark,null,null,null,77.8,73.1
Mathematics 30-1,,All,3395,Exam Mark,null,null,null,74.4,64.3
Mathematics 30-2,,All,3395,% Acceptable,null,null,null,88,91.3
Mathematics 30-2,,All,3395,% Excellence,null,null,null,8,13
Mathematics 30-2,,All,3395,Course Mark,null,null,null,59.8,67.3
Mathematics 30-2,,All,3395,Exam Mark,null,null,null,58.2,60.1
Physics 30,,All,3395,% Acceptable,95.7,100,92.3,95.7,92.9
Physics 30,,All,3395,% Excellence,21.7,52.4,15.4,34.8,21.4
Physics 30,,All,3395,Course Mark,75.9,80.7,69.2,76.3,64.5
Physics 30,,All,3395,Exam Mark,62.3,74.8,60.6,69.7,60.7
Social Studies 30-1,,All,3395,% Acceptable,98.6,98.4,96.6,100,100
Social Studies 30-1,,All,3395,% Excellence,14.9,32.8,32.2,23.8,17.3
Social Studies 30-1,,All,3395,Course Mark,73.4,77.1,75.7,73.7,73.6
Social Studies 30-1,,All,3395,Exam Mark,62.7,67.7,69.4,67.1,64.1
Social Studies 30-2,,All,3395,% Acceptable,100,100,100,100,88.9
Social Studies 30-2,,All,3395,% Excellence,0,66.7,18.2,27.8,0
Social Studies 30-2,,All,3395,Course Mark,76.5,84.2,71.3,72.1,63
Social Studies 30-2,,All,3395,Exam Mark,69.5,81.3,70.9,68,58.3
English Language Arts 3,1,English,3397,% Acceptable,80.8,100,90,96.2,null
English Language Arts 3,1,English,3397,% Excellence,15.4,26.3,23.3,23.1,null
English Language Arts 3,1,English,3397,Mark,65.6,71.1,69.3,71.8,null
Mathematics 3,1,All,3397,% Acceptable,92.3,84.2,80,88.5,null
Mathematics 3,1,All,3397,% Excellence,11.5,15.8,23.3,19.2,null
Mathematics 3,1,All,3397,Mark,71.8,71.6,70.3,71,null
English Language Arts 6,1,English,3397,% Acceptable,100,100,90.3,89.3,100
English Language Arts 6,1,English,3397,% Excellence,19,26.1,12.9,10.7,21.7
English Language Arts 6,1,English,3397,Mark,70.7,66.7,64,67.8,72.2
Mathematics 6,1,All,3397,% Acceptable,90.5,96,93.5,96.4,90.9
Mathematics 6,1,All,3397,% Excellence,19,32,19.4,21.4,13.6
Mathematics 6,1,All,3397,Mark,73.7,67.9,64.3,60.4,59.5
Science 6,1,All,3397,% Acceptable,95.2,92,96.8,92.9,100
Science 6,1,All,3397,% Excellence,57.1,44,48.4,32.1,36.4
Science 6,1,All,3397,Mark,77.8,74.6,76,69.1,71.5
Social Studies 6,1,All,3397,% Acceptable,85.7,92,83.9,89.3,81.8
Social Studies 6,1,All,3397,% Excellence,23.8,20,9.7,10.7,13.6
Social Studies 6,1,All,3397,Mark,72,71.1,63.3,65.7,65.5
English Language Arts 9,1,English,3397,% Acceptable,100,100,94.1,100,100
English Language Arts 9,1,English,3397,% Excellence,35,17.4,35.3,33.3,38.1
English Language Arts 9,1,English,3397,Mark,72.6,72.7,76.1,76.2,74.3
Mathematics 9,1,All,3397,% Acceptable,70,91.3,94.1,100,81.8
Mathematics 9,1,All,3397,% Excellence,30,39.1,47.1,37.5,31.8
Mathematics 9,1,All,3397,Mark,65,79.8,72.7,74.1,69.6
Science 9,1,All,3397,% Acceptable,100,100,94.1,100,100
Science 9,1,All,3397,% Excellence,35,34.8,52.9,44,61.9
Science 9,1,All,3397,Mark,77.5,75.8,77.6,78.7,80.3
Social Studies 9,1,All,3397,% Acceptable,90,100,94.1,88,81
Social Studies 9,1,All,3397,% Excellence,25,30.4,35.3,36,33.3
Social Studies 9,1,All,3397,Mark,75.1,76.1,76,76.9,71.2
English Language Arts 3,1,English,3401,% Acceptable,80,100,100,100,null
English Language Arts 3,1,English,3401,% Excellence,0,25,33.3,0,null
English Language Arts 3,1,English,3401,Mark,61.6,68.3,75.7,68.4,null
Mathematics 3,1,All,3401,% Acceptable,100,91.7,100,100,null
Mathematics 3,1,All,3401,% Excellence,0,41.7,55.6,50,null
Mathematics 3,1,All,3401,Mark,74,77.1,81.4,77.2,null
English Language Arts 6,1,English,3401,% Acceptable,80,83.3,91.7,100,90
English Language Arts 6,1,English,3401,% Excellence,20,16.7,0,0,0
English Language Arts 6,1,English,3401,Mark,63.8,59,62.1,66,61.9
Mathematics 6,1,All,3401,% Acceptable,73.3,66.7,75,100,63.6
Mathematics 6,1,All,3401,% Excellence,6.7,0,0,0,9.1
Mathematics 6,1,All,3401,Mark,64.4,53,54.3,50,49.1
Science 6,1,All,3401,% Acceptable,93.3,66.7,83.3,100,80
Science 6,1,All,3401,% Excellence,13.3,16.7,25,0,10
Science 6,1,All,3401,Mark,63.6,54.3,65.8,65,58.2
Social Studies 6,1,All,3401,% Acceptable,60,33.3,83.3,100,60
Social Studies 6,1,All,3401,% Excellence,0,0,8.3,0,0
Social Studies 6,1,All,3401,Mark,60.9,50.7,58.2,62,52.4
English Lang Arts 9 KAE,1,English,3401,% Acceptable,100,100,66.7,100,null
English Lang Arts 9 KAE,1,English,3401,Mark,79,66.5,65,60.5,null
English Language Arts 9,1,English,3401,% Acceptable,63.6,66.7,75,88.9,88.9
English Language Arts 9,1,English,3401,% Excellence,18.2,0,0,22.2,0
English Language Arts 9,1,English,3401,Mark,60.2,60,57,70.2,62.8
Mathematics 9,1,All,3401,% Acceptable,44.4,37.5,25,85.7,55.6
Mathematics 9,1,All,3401,% Excellence,0,12.5,0,28.6,0
Mathematics 9,1,All,3401,Mark,43.5,58,42.5,69.1,48.2
Mathematics 9 KAE,1,All,3401,% Acceptable,100,33.3,66.7,100,100
Mathematics 9 KAE,1,All,3401,% Excellence,0,0,0,33.3,100
Mathematics 9 KAE,1,All,3401,Mark,69.3,48,63.3,78.3,80
Science 9,1,All,3401,% Acceptable,58.3,60,60,81.8,55.6
Science 9,1,All,3401,% Excellence,0,10,0,18.2,0
Science 9,1,All,3401,Mark,52.3,55.5,49.1,64.5,58.4
Science 9 KAE,1,All,3401,% Acceptable,null,0,100,50,null
Science 9 KAE,1,All,3401,Mark,null,44,62,58,null
Social Studies 9,1,All,3401,% Acceptable,81.8,66.7,75,88.9,33.3
Social Studies 9,1,All,3401,% Excellence,27.3,33.3,25,33.3,0
Social Studies 9,1,All,3401,Mark,68,66.7,56.5,74,53.6
Social Studies 9 KAE,1,All,3401,% Acceptable,100,50,100,100,null
Social Studies 9 KAE,1,All,3401,% Excellence,100,0,0,0,null
Social Studies 9 KAE,1,All,3401,Mark,84,51,74,62.7,null
Biology 30,,All,3401,% Acceptable,100,85.7,80,100,null
Biology 30,,All,3401,% Excellence,18.2,28.6,0,50,null
Biology 30,,All,3401,Course Mark,69.2,70,65.4,80.5,null
Biology 30,,All,3401,Exam Mark,61.8,62.7,52.4,69,null
Chemistry 30,,All,3401,% Acceptable,83.3,71.4,60,50,100
Chemistry 30,,All,3401,% Excellence,0,28.6,0,50,50
Chemistry 30,,All,3401,Course Mark,61,65,60.2,70,81
Chemistry 30,,All,3401,Exam Mark,54.5,51.1,40.6,55,72.5
English Lang Arts 30-1,,All,3401,% Acceptable,93.3,100,90,100,100
English Lang Arts 30-1,,All,3401,% Excellence,6.7,12.5,10,0,0
English Lang Arts 30-1,,All,3401,Course Mark,70.8,69.9,67.3,82.2,70
English Lang Arts 30-1,,All,3401,Exam Mark,55.9,58.4,58.6,66,55
English Lang Arts 30-2,,All,3401,% Acceptable,null,100,100,100,100
English Lang Arts 30-2,,All,3401,Course Mark,null,59.3,72.5,55.7,58.8
English Lang Arts 30-2,,All,3401,Exam Mark,null,68.8,75,67,66.5
Mathematics 30-1,,All,3401,% Acceptable,null,null,null,100,33.3
Mathematics 30-1,,All,3401,Course Mark,null,null,null,90,69.7
Mathematics 30-1,,All,3401,Exam Mark,null,null,null,69,43.7
Mathematics 30-2,,All,3401,% Acceptable,null,null,null,100,null
Mathematics 30-2,,All,3401,Course Mark,null,null,null,66.5,null
Mathematics 30-2,,All,3401,Exam Mark,null,null,null,50.5,null
Physics 30,,All,3401,% Acceptable,88.9,66.7,100,100,100
Physics 30,,All,3401,% Excellence,0,0,0,100,0
Physics 30,,All,3401,Course Mark,71.3,74.5,67,90,56
Physics 30,,All,3401,Exam Mark,45.3,46.3,36,76,54
Social Studies 30-1,,All,3401,% Acceptable,80,100,87.5,100,100
Social Studies 30-1,,All,3401,% Excellence,6.7,28.6,0,66.7,0
Social Studies 30-1,,All,3401,Course Mark,69.7,74,65,84,72.6
Social Studies 30-1,,All,3401,Exam Mark,52.3,66.9,49.8,78.7,61.6
Social Studies 30-2,,All,3401,% Acceptable,null,100,80,100,85.7
Social Studies 30-2,,All,3401,Course Mark,null,64.3,55,63.8,62.3
Social Studies 30-2,,All,3401,Exam Mark,null,70,53.4,63.8,60
English Lang Arts 9 KAE,1,English,3404,% Acceptable,100,null,null,null,null
English Lang Arts 9 KAE,1,English,3404,Mark,68,null,null,null,null
English Language Arts 9,1,English,3404,% Acceptable,92.3,92.7,81.8,78,71.4
English Language Arts 9,1,English,3404,% Excellence,15.4,7.3,9.1,12.2,11.4
English Language Arts 9,1,English,3404,Mark,63.3,62.6,62.3,62.1,60.4
Mathematics 9,1,English,3404,% Acceptable,62.2,55,42.4,56.4,58.8
Mathematics 9,1,All,3404,% Acceptable,62.2,55,42.4,56.4,57.1
Mathematics 9,1,English,3404,% Excellence,8.1,5,6.1,5.1,5.9
Mathematics 9,1,All,3404,% Excellence,8.1,5,6.1,5.1,5.7
Mathematics 9,1,English,3404,Mark,53.4,57.5,43.5,48.6,50.4
Mathematics 9,1,All,3404,Mark,53.4,57.5,43.5,48.6,50
Mathematics 9 (Fr),1,French,3404,Mark,null,null,null,null,38
Mathematics 9 KAE,1,All,3404,% Acceptable,100,null,null,null,null
Mathematics 9 KAE,1,All,3404,Mark,74,null,null,null,null
Science 9,1,All,3404,% Acceptable,70,73.2,69.7,70,74.3
Science 9,1,All,3404,% Excellence,10,12.2,6.1,17.5,20
Science 9,1,All,3404,Mark,59.9,58.5,55.7,56.6,62.9
Social Studies 9,1,English,3404,% Acceptable,75,70.7,69.7,46.3,71.4
Social Studies 9,1,All,3404,% Acceptable,75,70.7,69.7,46.3,69.4
Social Studies 9,1,English,3404,% Excellence,20,19.5,18.2,17.1,17.1
Social Studies 9,1,All,3404,% Excellence,20,19.5,18.2,17.1,16.7
Social Studies 9,1,English,3404,Mark,64.9,60.9,60.8,56.9,61.7
Social Studies 9,1,All,3404,Mark,64.9,60.9,60.8,56.9,61.2
Biology 30,,All,3404,% Acceptable,89.5,88.9,85.7,78.3,100
Biology 30,,All,3404,% Excellence,0,11.1,21.4,13,22.2
Biology 30,,All,3404,Course Mark,61,65.4,67.6,65.5,73
Biology 30,,All,3404,Exam Mark,56.9,58.6,65.6,58.4,68.7
Chemistry 30,,All,3404,% Acceptable,60,42.9,78.9,81.3,85.7
Chemistry 30,,All,3404,% Excellence,0,0,5.3,18.8,21.4
Chemistry 30,,All,3404,Course Mark,58.2,51,62.4,64.1,64.7
Chemistry 30,,All,3404,Exam Mark,45.7,38.1,54.6,55.1,63.8
English Lang Arts 30-1,,All,3404,% Acceptable,100,94.7,96,85.7,93.3
English Lang Arts 30-1,,All,3404,% Excellence,0,5.3,8,9.5,6.7
English Lang Arts 30-1,,All,3404,Course Mark,67,68.6,67.2,62.6,72.5
English Lang Arts 30-1,,All,3404,Exam Mark,56.7,59.4,58.1,58.1,62.2
English Lang Arts 30-2,,All,3404,% Acceptable,92.3,100,75,100,100
English Lang Arts 30-2,,All,3404,% Excellence,15.4,0,8.3,8.3,4.5
English Lang Arts 30-2,,All,3404,Course Mark,61.1,59.3,52.3,54.4,58.5
English Lang Arts 30-2,,All,3404,Exam Mark,64.1,63.3,63.6,65.9,70.3
Mathematics 30-1,,All,3404,% Acceptable,null,null,null,68.8,64.3
Mathematics 30-1,,All,3404,% Excellence,null,null,null,12.5,21.4
Mathematics 30-1,,All,3404,Course Mark,null,null,null,66.3,69.6
Mathematics 30-1,,All,3404,Exam Mark,null,null,null,50.4,49.1
Mathematics 30-2,,All,3404,% Acceptable,null,null,null,62.5,40
Mathematics 30-2,,All,3404,% Excellence,null,null,null,12.5,10
Mathematics 30-2,,All,3404,Course Mark,null,null,null,64.1,64.2
Mathematics 30-2,,All,3404,Exam Mark,null,null,null,45.4,44.5
Physics 30,,All,3404,% Acceptable,90.9,44.4,90,90.9,94.4
Physics 30,,All,3404,% Excellence,0,0,10,18.2,22.2
Physics 30,,All,3404,Course Mark,62.3,59.8,66.4,69.5,77.8
Physics 30,,All,3404,Exam Mark,46.7,44.9,56.4,60.4,65.4
Social Studies 30-1,,All,3404,% Acceptable,100,100,100,100,100
Social Studies 30-1,,All,3404,% Excellence,0,7.7,16.7,12.5,0
Social Studies 30-1,,All,3404,Course Mark,66.3,66.3,69.3,75.3,70.6
Social Studies 30-1,,All,3404,Exam Mark,57.8,55.6,64.4,65.4,63.9
Social Studies 30-2,,All,3404,% Acceptable,88.9,94.1,63.6,100,100
Social Studies 30-2,,All,3404,% Excellence,3.7,11.8,4.5,4,5
Social Studies 30-2,,All,3404,Course Mark,61.5,62.8,50.6,59.3,64.7
Social Studies 30-2,,All,3404,Exam Mark,64.9,62,55.9,67,62.9
English Language Arts 3,1,English,3405,% Acceptable,88.6,97.6,96.9,87.5,null
English Language Arts 3,1,English,3405,% Excellence,28.6,17.1,37.5,17.5,null
English Language Arts 3,1,English,3405,Mark,71.1,70.7,74.1,66.8,null
Mathematics 3,1,All,3405,% Acceptable,85.7,87.8,90.6,67.5,null
Mathematics 3,1,All,3405,% Excellence,31.4,31.7,31.3,15,null
Mathematics 3,1,All,3405,Mark,72.2,73.3,74.2,60.8,null
English Language Arts 6,1,English,3405,% Acceptable,90.5,97.1,90.3,91.2,100
English Language Arts 6,1,English,3405,% Excellence,16.7,11.8,9.7,17.6,8.1
English Language Arts 6,1,English,3405,Mark,65.4,65,64.9,64.7,66.5
Mathematics 6,1,All,3405,% Acceptable,78.6,82.4,93.5,82.4,83.8
Mathematics 6,1,All,3405,% Excellence,4.8,17.6,6.5,26.5,8.1
Mathematics 6,1,All,3405,Mark,63.2,63.1,59.6,59.5,54.3
Science 6,1,All,3405,% Acceptable,90.5,88.2,96.8,85.3,89.2
Science 6,1,All,3405,% Excellence,14.3,17.6,32.3,26.5,8.1
Science 6,1,All,3405,Mark,63.2,67.1,74.1,64.9,60.8
Social Studies 6,1,All,3405,% Acceptable,76.2,85.3,83.9,85.3,86.5
Social Studies 6,1,All,3405,% Excellence,14.3,17.6,22.6,17.6,2.7
Social Studies 6,1,All,3405,Mark,65.9,69.1,67.9,62.5,59.8
English Language Arts 3,1,English,3406,% Acceptable,88.5,71.4,65.2,82.6,null
English Language Arts 3,1,English,3406,% Excellence,23.1,7.1,4.3,13,null
English Language Arts 3,1,English,3406,Mark,68.8,59.1,57,66.9,null
Mathematics 3,1,All,3406,% Acceptable,84.6,64.3,60.9,82.6,null
Mathematics 3,1,All,3406,% Excellence,15.4,14.3,13,17.4,null
Mathematics 3,1,All,3406,Mark,67.5,62.1,57.6,68.7,null
English Language Arts 6,1,English,3406,% Acceptable,85,84,76.2,91.7,100
English Language Arts 6,1,English,3406,% Excellence,20,16,9.5,4.2,23.5
English Language Arts 6,1,English,3406,Mark,64.8,61.8,62,65.3,68.8
Mathematics 6,1,All,3406,% Acceptable,70,72,90.5,87.5,94.1
Mathematics 6,1,All,3406,% Excellence,5,12,19,29.2,17.6
Mathematics 6,1,All,3406,Mark,65.4,59.6,65.6,62.5,61.4
Science 6,1,All,3406,% Acceptable,60,80,100,91.7,100
Science 6,1,All,3406,% Excellence,5,28,33.3,50,52.9
Science 6,1,All,3406,Mark,52.6,67.9,75,70.9,76
Social Studies 6,1,All,3406,% Acceptable,65,76,90.5,91.7,94.1
Social Studies 6,1,All,3406,% Excellence,10,16,4.8,20.8,11.8
Social Studies 6,1,All,3406,Mark,61.2,65.3,63.8,67.5,68.4
English Language Arts 3,1,English,3409,% Acceptable,66.7,100,100,100,null
English Language Arts 3,1,English,3409,% Excellence,6.7,20,14.3,14.3,null
English Language Arts 3,1,English,3409,Mark,58,71.3,67.1,66.3,null
Mathematics 3,1,All,3409,% Acceptable,73.3,93.3,92.9,71.4,null
Mathematics 3,1,All,3409,% Excellence,0,40,21.4,14.3,null
Mathematics 3,1,All,3409,Mark,59.7,76.5,70.7,65.2,null
English Language Arts 6,1,English,3409,% Acceptable,63.6,100,76.2,66.7,100
English Language Arts 6,1,English,3409,% Excellence,18.2,10,19,8.3,0
English Language Arts 6,1,English,3409,Mark,58.7,62.6,60.3,57.7,64.1
Mathematics 6,1,All,3409,% Acceptable,54.5,60,63.2,50,90.9
Mathematics 6,1,All,3409,% Excellence,0,20,10.5,0,18.2
Mathematics 6,1,All,3409,Mark,53.5,55.2,50.6,39.8,64.2
Science 6,1,All,3409,% Acceptable,54.5,80,61.9,75,100
Science 6,1,All,3409,% Excellence,18.2,0,0,16.7,54.5
Science 6,1,All,3409,Mark,52.5,63.8,56.3,54.8,76.2
Social Studies 6,1,All,3409,% Acceptable,36.4,90,52.4,50,90.9
Social Studies 6,1,All,3409,% Excellence,9.1,0,9.5,0,27.3
Social Studies 6,1,All,3409,Mark,49.7,63.6,52.7,50.3,73.1
English Lang Arts 9 KAE,1,English,3610,Mark,null,null,null,null,51
English Language Arts 9,1,English,3610,% Acceptable,94.5,75,90.8,92.3,93.8
English Language Arts 9,1,English,3610,% Excellence,20,13.2,15.8,9.2,13.8
English Language Arts 9,1,English,3610,Mark,68.4,62.1,67.9,64.9,66.2
Mathematics 9,1,All,3610,% Acceptable,70,58.7,77.9,75.4,70.8
Mathematics 9,1,All,3610,% Excellence,13.3,14.7,19.5,12.3,13.8
Mathematics 9,1,All,3610,Mark,55.3,59,58.8,58.8,57.1
Mathematics 9 KAE,1,All,3610,% Acceptable,null,null,null,null,100
Mathematics 9 KAE,1,All,3610,Mark,null,null,null,null,62
Science 9,1,All,3610,% Acceptable,86.4,76,89.6,90.6,87.9
Science 9,1,All,3610,% Excellence,20.3,21.3,29.9,9.4,21.2
Science 9,1,All,3610,Mark,67.8,65.2,67.8,64.7,66.3
Science 9 KAE,1,All,3610,% Acceptable,null,null,null,null,100
Science 9 KAE,1,All,3610,Mark,null,null,null,null,70
Social Studies 9,1,All,3610,% Acceptable,78.3,66.2,83.1,80,73.8
Social Studies 9,1,All,3610,% Excellence,16.7,20.3,28.6,18.5,23.1
Social Studies 9,1,All,3610,Mark,68.8,60.4,69.6,68.8,65.6
Social Studies 9 KAE,1,All,3610,Mark,null,null,null,null,54
Biology 30,,All,3610,% Acceptable,97.4,92.3,97.4,86.7,93.2
Biology 30,,All,3610,% Excellence,36.8,28.2,26.3,26.7,18.2
Biology 30,,All,3610,Course Mark,73.7,72.8,75.4,69.5,68.9
Biology 30,,All,3610,Exam Mark,67.7,68.2,68.3,64.4,65.2
Chemistry 30,,All,3610,% Acceptable,100,94.1,72.7,76,100
Chemistry 30,,All,3610,% Excellence,30.4,35.3,13.6,24,26.9
Chemistry 30,,All,3610,Course Mark,77.3,72.8,69.1,66.2,73.5
Chemistry 30,,All,3610,Exam Mark,64.6,66.5,54.4,59.4,68
English Lang Arts 30-1,,All,3610,% Acceptable,100,100,100,100,100
English Lang Arts 30-1,,All,3610,% Excellence,17.1,22.9,18.5,21.2,17.9
English Lang Arts 30-1,,All,3610,Course Mark,75,76,74,77.5,74.2
English Lang Arts 30-1,,All,3610,Exam Mark,64.7,66.8,66.7,68.5,66.8
English Lang Arts 30-2,,All,3610,% Acceptable,100,100,100,100,100
English Lang Arts 30-2,,All,3610,% Excellence,6.7,4.3,17.4,13,21.2
English Lang Arts 30-2,,All,3610,Course Mark,65.9,66.7,66.5,63,66.7
English Lang Arts 30-2,,All,3610,Exam Mark,71.9,71.9,71.9,70.5,72.5
Mathematics 30-1,,All,3610,% Acceptable,null,null,null,82.8,83.9
Mathematics 30-1,,All,3610,% Excellence,null,null,null,13.8,19.4
Mathematics 30-1,,All,3610,Course Mark,null,null,null,68.5,68.6
Mathematics 30-1,,All,3610,Exam Mark,null,null,null,57.8,54.5
Mathematics 30-2,,All,3610,% Acceptable,null,null,null,91.7,80
Mathematics 30-2,,All,3610,% Excellence,null,null,null,25,20
Mathematics 30-2,,All,3610,Course Mark,null,null,null,72.2,69.1
Mathematics 30-2,,All,3610,Exam Mark,null,null,null,61.8,60.5
Physics 30,,All,3610,% Acceptable,100,92.6,84.6,100,88.9
Physics 30,,All,3610,% Excellence,37.5,29.6,23.1,80,27.8
Physics 30,,All,3610,Course Mark,79.8,75.2,69.5,87,67.1
Physics 30,,All,3610,Exam Mark,64.8,63.8,63.1,87.2,64.7
Social Studies 30-1,,All,3610,% Acceptable,100,100,100,100,100
Social Studies 30-1,,All,3610,% Excellence,15.2,25,19.2,18.5,17.9
Social Studies 30-1,,All,3610,Course Mark,71.2,73.6,73.1,73,70.8
Social Studies 30-1,,All,3610,Exam Mark,68,67.7,67,68,62.5
Social Studies 30-2,,All,3610,% Acceptable,100,100,100,100,97.1
Social Studies 30-2,,All,3610,% Excellence,5.6,15,16.7,0,22.9
Social Studies 30-2,,All,3610,Course Mark,58.4,69.1,64.4,62,65.4
Social Studies 30-2,,All,3610,Exam Mark,67.8,69.7,74.1,68,73.7
English Language Arts 3,1,English,3611,% Acceptable,87.8,90,86,85.2,null
English Language Arts 3,1,English,3611,% Excellence,7.3,10,25.6,22.2,null
English Language Arts 3,1,English,3611,Mark,62.2,67.7,66.9,65.3,null
Mathematics 3,1,All,3611,% Acceptable,90.2,82.5,83.7,74.1,null
Mathematics 3,1,All,3611,% Excellence,17.1,17.5,27.9,18.5,null
Mathematics 3,1,All,3611,Mark,68.4,70.4,66.8,65.9,null
English Language Arts 6,1,English,3611,% Acceptable,82.6,92.3,87.8,77.5,70.7
English Language Arts 6,1,English,3611,% Excellence,10.9,17.9,12.2,10,7.3
English Language Arts 6,1,English,3611,Mark,63.7,64.8,62.2,61.9,58.3
Mathematics 6,1,All,3611,% Acceptable,69.6,85,75.6,70,52.4
Mathematics 6,1,All,3611,% Excellence,10.9,12.5,7.3,5,2.4
Mathematics 6,1,All,3611,Mark,61.6,61.9,55.6,51.9,41.3
Science 6,1,All,3611,% Acceptable,87,92.5,85.4,80,68.3
Science 6,1,All,3611,% Excellence,21.7,30,19.5,22.5,7.3
Science 6,1,All,3611,Mark,63.3,69.8,65.4,61.7,52.5
Social Studies 6,1,All,3611,% Acceptable,80.4,72.5,78,71.8,58.5
Social Studies 6,1,All,3611,% Excellence,10.9,20,17.1,12.8,2.4
Social Studies 6,1,All,3611,Mark,65,66,64.2,59.5,51.6
English Language Arts 3,1,English,3615,% Acceptable,66.7,null,50,null,null
English Language Arts 3,1,English,3615,Mark,53.7,null,47.5,null,null
Mathematics 3,1,All,3615,% Acceptable,100,null,50,null,null
Mathematics 3,1,All,3615,Mark,83,null,43.8,null,null
English Language Arts 6,1,English,3615,% Acceptable,100,50,50,66.7,null
English Language Arts 6,1,English,3615,Mark,66,53.3,43,48.7,null
Mathematics 6,1,All,3615,% Acceptable,100,0,50,0,null
Mathematics 6,1,All,3615,Mark,71.3,37.5,36,28.7,null
Science 6,1,All,3615,% Acceptable,100,0,50,0,null
Science 6,1,All,3615,Mark,70,32.5,41,40.7,null
Social Studies 6,1,All,3615,% Acceptable,100,0,0,66.7,null
Social Studies 6,1,All,3615,Mark,64.4,44,23,46.7,null
English Language Arts 6,1,English,EIPS,Acceptable,94.5,96.9,96.7,94.7,96.1
English Language Arts 6,1,English,EIPS,Excellence,22.8,24.6,22.9,21.9,25.6
English Language Arts 6,1,English,EIPS,Mark,68.5,68.5,69.7,69.1,70.4
French Language Arts 6,1,French,EIPS,Acceptable,89.7,97.2,90.4,87.5,86.3
French Language Arts 6,1,French,EIPS,Excellence,8.8,25.4,14.5,13.8,12.7
French Language Arts 6,1,French,EIPS,Mark,65.1,73.9,67.8,66,66
Mathematics 6,1,All,EIPS,Acceptable,87.1,89.2,91.1,85.7,87.9
Mathematics 6,1,English,EIPS,Acceptable,87.7,89.4,91.8,86.7,88.9
Mathematics 6,1,All,EIPS,Excellence,22.4,27.7,25.3,24.3,19.9
Mathematics 6,1,English,EIPS,Excellence,23.5,28.2,26.1,25.3,20.8
Mathematics 6,2,All,EIPS,Mark,72.6,null,null,null,null
Mathematics 6,1,All,EIPS,Mark,72.4,69.4,66.8,60.8,60.9
Mathematics 6,1,English,EIPS,Mark,72.8,69.6,67.4,61.4,61.5
Mathematics 6 (Fr),1,French,EIPS,Acceptable,79.4,85.9,82.1,73.8,78.6
Mathematics 6 (Fr),1,French,EIPS,Excellence,7.4,21.1,15.5,11.3,10.7
Mathematics 6 (Fr),1,French,EIPS,Mark,66.9,66.3,59.5,53.3,54
Science 6,1,All,EIPS,Acceptable,89.9,92.5,93.3,90.7,92.3
Science 6,1,English,EIPS,Acceptable,91.3,92.6,94.3,91.6,93.5
Science 6,1,All,EIPS,Excellence,37.7,39.7,42.9,36.3,37.4
Science 6,1,English,EIPS,Excellence,39.4,40.9,44.4,38.4,39.6
Science 6,1,All,EIPS,Mark,69.8,74.2,75.4,70.4,70.8
Science 6,1,English,EIPS,Mark,70.5,74.4,76,71.3,71.9
Science 6 (Fr),1,French,EIPS,Acceptable,69.1,90.1,82.1,78.8,80.4
Science 6 (Fr),1,French,EIPS,Excellence,13.2,22.5,25,10,15.7
Science 6 (Fr),1,French,EIPS,Mark,58.5,70.5,66.8,58.7,60.7
Social Studies (Fr) 6,1,French,EIPS,Acceptable,63.2,84.5,76.2,75.6,67.6
Social Studies (Fr) 6,1,French,EIPS,Excellence,7.4,16.9,10.7,6.4,3.9
Social Studies (Fr) 6,1,French,EIPS,Mark,58.7,69.4,59.5,58.3,55.3
Social Studies 6,1,All,EIPS,Acceptable,82.6,86.5,87.8,88.5,85.3
Social Studies 6,1,English,EIPS,Acceptable,83.9,86.6,88.7,89.5,87.1
Social Studies 6,1,All,EIPS,Excellence,22.7,28.1,26.2,25.3,24.1
Social Studies 6,1,English,EIPS,Excellence,23.7,28.8,27.5,26.7,26.1
Social Studies 6,1,All,EIPS,Mark,70.3,73.1,68.8,68.1,68.8
Social Studies 6,1,English,EIPS,Mark,71.1,73.4,69.6,68.9,70.2
English Lang Arts 9 KAE,1,English,EIPS,Acceptable,94.4,93.1,88.9,78.3,80.8
English Lang Arts 9 KAE,1,English,EIPS,Excellence,11.1,6.9,14.8,8.7,3.8
English Lang Arts 9 KAE,1,English,EIPS,Mark,69.3,68.7,70.8,62,66.8
English Language Arts 9,1,English,EIPS,Acceptable,93.5,92.1,92.1,90.6,91.7
English Language Arts 9,1,English,EIPS,Excellence,21.9,20.9,21.3,19.4,20.9
English Language Arts 9,1,English,EIPS,Mark,68.6,68.9,69.1,67.7,68.7
French Language Arts 9,1,French,EIPS,Acceptable,94.6,89.8,94.4,85.7,89.8
French Language Arts 9,1,French,EIPS,Excellence,10.7,6.1,0,12.2,8.2
French Language Arts 9,1,French,EIPS,Mark,70.4,67.2,68.3,68.8,69.1
Mathematics 9,1,English,EIPS,Acceptable,81,75.9,80.2,77.1,80.6
Mathematics 9,1,All,EIPS,Acceptable,81.5,76,80,77.3,81
Mathematics 9,1,English,EIPS,Excellence,24.4,21,24.2,21.5,22.7
Mathematics 9,1,All,EIPS,Excellence,24.3,20.9,24,21.6,23
Mathematics 9,2,All,EIPS,Mark,60.2,null,null,null,null
Mathematics 9,1,English,EIPS,Mark,64.4,67.8,60.8,61.7,62.7
Mathematics 9,1,All,EIPS,Mark,64.6,67.9,60.8,61.7,63
Mathematics 9 (Fr),1,French,EIPS,Acceptable,88.7,79.6,75.7,81.6,89.8
Mathematics 9 (Fr),1,French,EIPS,Excellence,22.6,18.4,18.9,24.5,28.6
Mathematics 9 (Fr),1,French,EIPS,Mark,68.1,69.8,61.6,63.2,68.8
Mathematics 9 KAE,1,All,EIPS,Acceptable,86.8,86.7,87.9,78.4,91.2
Mathematics 9 KAE,1,All,EIPS,Excellence,22.6,20,27.3,13.5,29.4
Mathematics 9 KAE,1,All,EIPS,Mark,71.1,69.2,70.7,66,69.4
Science 9,1,All,EIPS,Acceptable,87.8,85.1,87.8,87.5,86.7
Science 9,1,English,EIPS,Acceptable,87.9,85.2,88,87.3,86.6
Science 9,1,English,EIPS,Excellence,23.6,23,25.7,27.3,30.9
Science 9,1,All,EIPS,Excellence,23.4,22.9,25.7,27.6,31.3
Science 9,1,All,EIPS,Mark,69.8,67.2,66.3,68.1,69.7
Science 9,1,English,EIPS,Mark,69.8,67.2,66.4,68.1,69.7
Science 9 (Fr),1,French,EIPS,Acceptable,85.7,83.7,83.3,93.9,89.6
Science 9 (Fr),1,French,EIPS,Excellence,17.9,20.4,25,34.7,39.6
Science 9 (Fr),1,French,EIPS,Mark,68.4,67,65.5,68.6,69.2
Science 9 KAE,1,All,EIPS,Acceptable,85.7,88,92.6,86.4,91.3
Science 9 KAE,1,All,EIPS,Excellence,22.9,16,29.6,22.7,34.8
Science 9 KAE,1,All,EIPS,Mark,69.6,70.8,72.7,67.7,73
Social Studies (Fr) 9,1,French,EIPS,Acceptable,81.8,76.6,78.9,83.3,77.6
Social Studies (Fr) 9,1,French,EIPS,Excellence,9.1,4.3,10.5,8.3,14.3
Social Studies (Fr) 9,1,French,EIPS,Mark,65.6,59.6,62.6,65.7,64.5
Social Studies 9,1,All,EIPS,Acceptable,84.2,80.9,82.8,76.5,78.8
Social Studies 9,1,English,EIPS,Acceptable,84.3,81,82.9,76.2,78.9
Social Studies 9,1,All,EIPS,Excellence,25.9,25.9,25.9,23.7,26.9
Social Studies 9,1,English,EIPS,Excellence,26.7,26.8,26.5,24.4,27.5
Social Studies 9,1,All,EIPS,Mark,71.1,67.5,68.8,67.7,67.1
Social Studies 9,1,English,EIPS,Mark,71.4,67.8,69,67.8,67.2
Social Studies 9 KAE,1,All,EIPS,Acceptable,87.2,84.6,86.2,76.9,84
Social Studies 9 KAE,1,All,EIPS,Excellence,35.9,30.8,24.1,19.2,16
Social Studies 9 KAE,1,All,EIPS,Mark,72.5,72.6,73.1,66.4,71.8
Biology 30,,All,EIPS,% Acceptable,92.8,95.6,94.8,94.6,93.2
Biology 30,,All,EIPS,% Excellence,26.7,29.6,27.5,33.8,32.2
Biology 30,,All,EIPS,Course Mark,72.1,74.2,72.1,73.3,72.8
Biology 30,,All,EIPS,Exam Mark,65.9,68,66.9,68.4,68.6
Chemistry 30,,All,EIPS,% Acceptable,89.6,84.5,87.6,88.3,90.7
Chemistry 30,,All,EIPS,% Excellence,26.7,24.3,25.2,27.8,30.4
Chemistry 30,,All,EIPS,Course Mark,71.6,69.9,71.3,71.3,72
Chemistry 30,,All,EIPS,Exam Mark,64.7,61.4,63.3,64.9,66
English Lang Arts 30-1,,All,EIPS,% Acceptable,98.3,98.1,98.1,98.9,98.5
English Lang Arts 30-1,,All,EIPS,% Excellence,13.5,17,14.7,15.6,15.7
English Lang Arts 30-1,,All,EIPS,Course Mark,72.3,72.8,72.3,72.9,72.6
English Lang Arts 30-1,,All,EIPS,Exam Mark,62.4,63.4,63.6,64.5,65.4
English Lang Arts 30-2,,All,EIPS,% Acceptable,95.8,98.7,96.4,97.9,97.8
English Lang Arts 30-2,,All,EIPS,% Excellence,6.3,5.6,12,7.2,9.3
English Lang Arts 30-2,,All,EIPS,Course Mark,64.8,64.8,66.8,65.1,65.3
English Lang Arts 30-2,,All,EIPS,Exam Mark,63.8,66.8,67,66.8,68.9
French Lang Arts 30-1,,All,EIPS,% Acceptable,100,94.4,100,100,100
French Lang Arts 30-1,,All,EIPS,% Excellence,8.3,27.8,9.5,23.5,14.3
French Lang Arts 30-1,,All,EIPS,Course Mark,77.9,72.9,72.8,77.5,75.1
French Lang Arts 30-1,,All,EIPS,Exam Mark,62.5,66.1,68.1,70.8,68.9
Mathematics 30-1,,All,EIPS,% Acceptable,null,null,null,90.2,89.2
Mathematics 30-1,,All,EIPS,% Excellence,null,null,null,36.2,27.5
Mathematics 30-1,,All,EIPS,Course Mark,null,null,null,74.2,75.2
Mathematics 30-1,,All,EIPS,Exam Mark,null,null,null,67.7,62.4
Mathematics 30-2,,All,EIPS,% Acceptable,null,null,null,86.4,85
Mathematics 30-2,,All,EIPS,% Excellence,null,null,null,10.2,14.7
Mathematics 30-2,,All,EIPS,Course Mark,null,null,null,64.3,66.4
Mathematics 30-2,,All,EIPS,Exam Mark,null,null,null,59.4,60.2
Physics 30,,All,EIPS,% Acceptable,88.6,85.2,91.1,91.4,93.8
Physics 30,,All,EIPS,% Excellence,18.3,24.3,27.8,34.6,35.3
Physics 30,,All,EIPS,Course Mark,72.2,71.9,71.7,73.4,73.7
Physics 30,,All,EIPS,Exam Mark,58.1,59.4,65.2,68.2,69.1
Science 30,,All,EIPS,% Acceptable,93.8,91.6,90.2,92.1,94.7
Science 30,,All,EIPS,% Excellence,18.6,19.6,21.1,21.8,27.1
Science 30,,All,EIPS,Course Mark,67.8,67,68.3,66.4,68.5
Science 30,,All,EIPS,Exam Mark,65.1,65.2,64.7,67.8,68.8
Social Studies 30-1,,All,EIPS,% Acceptable,96.1,96.8,98.6,98,97.3
Social Studies 30-1,,All,EIPS,% Excellence,13.4,17.7,18.5,19.6,16.2
Social Studies 30-1,,All,EIPS,Course Mark,70.4,71.8,72.5,72.2,71.6
Social Studies 30-1,,All,EIPS,Exam Mark,63.5,63.6,64.6,64.9,64.6
Social Studies 30-2,,All,EIPS,% Acceptable,93.8,96.3,95.1,98.5,94.4
Social Studies 30-2,,All,EIPS,% Excellence,5.7,11,12.1,12.4,12.2
Social Studies 30-2,,All,EIPS,Course Mark,62.2,65.2,64.4,66.9,66.3
Social Studies 30-2,,All,EIPS,Exam Mark,63.7,66,65.1,65.1,65.6
English Language Arts 6,1,English,Prov,Acceptable,91.8,91.4,91,90.9,90.6
English Language Arts 6,1,English,Prov,Excellence,20.8,20.4,19.6,18,19.5
English Language Arts 6,1,English,Prov,Mark,66.6,65.3,66.3,66.7,67
French Language Arts 6,1,French,Prov,Acceptable,90.5,91.9,91.8,90.4,90.1
French Language Arts 6,1,French,Prov,Excellence,16.3,17.6,17.7,16.6,15.9
French Language Arts 6,1,French,Prov,Mark,66.7,69.5,68.4,67.8,69
Mathematics 6,1,English,Prov,Acceptable,83.7,80.7,81.9,79.8,80.7
Mathematics 6,1,All,Prov,Acceptable,84.2,81.2,82.2,80.4,81.1
Mathematics 6,1,English,Prov,Excellence,18.7,19.5,18.2,18,17
Mathematics 6,1,All,Prov,Excellence,18.8,19.6,18.3,18.1,17
Mathematics 6,2,All,Prov,Mark,64,null,null,null,null
Mathematics 6,1,English,Prov,Mark,69.6,63.8,61.1,56.2,56.9
Mathematics 6,1,All,Prov,Mark,69.8,64,61.2,56.4,57.1
Mathematics 6 (Fr),1,French,Prov,Acceptable,87.9,86.9,85.2,86.5,85.3
Mathematics 6 (Fr),1,French,Prov,Excellence,19.1,21.8,19.5,18.8,16.9
Mathematics 6 (Fr),1,French,Prov,Mark,71.3,66.9,62.8,58.4,58.6
Science 6,1,All,Prov,Acceptable,84.8,84.3,85.7,85.3,84.2
Science 6,1,English,Prov,Acceptable,85.2,84.3,85.8,85.4,84.2
Science 6,1,All,Prov,Excellence,29.2,27.7,31,28.5,27.6
Science 6,1,English,Prov,Excellence,30.1,28.1,31.5,29.1,28.3
Science 6,1,All,Prov,Mark,65.8,68.3,69.6,66,65.4
Science 6,1,English,Prov,Mark,66.1,68.3,69.7,66.2,65.7
Science 6 (Fr),1,French,Prov,Acceptable,80.7,84.6,84.6,83.9,84.1
Science 6 (Fr),1,French,Prov,Excellence,18.6,22.7,24.5,21.4,19.7
Science 6 (Fr),1,French,Prov,Mark,62.5,68.1,67.5,63.2,62
Social Studies (Fr) 6,1,French,Prov,Acceptable,73.5,74.8,77.6,80.2,75.1
Social Studies (Fr) 6,1,French,Prov,Excellence,12.2,13,10.5,15.4,11.1
Social Studies (Fr) 6,1,French,Prov,Mark,63.8,65.3,61.3,62.3,61.3
Social Studies 6,1,All,Prov,Acceptable,78.6,78.6,80.7,80.7,78.7
Social Studies 6,1,English,Prov,Acceptable,79,78.9,81,80.7,79
Social Studies 6,1,All,Prov,Excellence,18.2,20.5,21.5,21.1,18.6
Social Studies 6,1,English,Prov,Excellence,18.6,21.1,22.4,21.6,19.2
Social Studies 6,1,All,Prov,Mark,67.6,68.4,65.3,64.2,64.8
Social Studies 6,1,English,Prov,Mark,67.9,68.7,65.7,64.4,65.1
English Lang Arts 9 KAE,1,English,Prov,Acceptable,81.2,82.3,76.6,77.5,78.4
English Lang Arts 9 KAE,1,English,Prov,Excellence,9.4,9.7,7.2,5.4,4.4
English Lang Arts 9 KAE,1,English,Prov,Mark,63.5,64.7,61.6,62.4,63.5
English Language Arts 9,1,English,Prov,Acceptable,88.4,88.9,87.1,87.2,86.4
English Language Arts 9,1,English,Prov,Excellence,16.7,18.4,18.4,16.8,17
English Language Arts 9,1,English,Prov,Mark,65.7,67.3,67.1,65.8,66.5
French Language Arts 9,1,French,Prov,Acceptable,87.9,91.6,89.8,89.8,89.3
French Language Arts 9,1,French,Prov,Excellence,12.7,15.4,12.6,14.3,11.5
French Language Arts 9,1,French,Prov,Mark,68.7,70.6,69,69.6,69.2
Mathematics 9,1,English,Prov,Acceptable,75,73.2,73.2,74.6,74.4
Mathematics 9,1,All,Prov,Acceptable,76.5,73.9,74.1,75.3,75.2
Mathematics 9,1,English,Prov,Excellence,22.3,19.3,19.7,20.5,19.1
Mathematics 9,1,All,Prov,Excellence,22.8,19.4,19.9,20.6,19.4
Mathematics 9,2,English,Prov,Mark,57.6,null,null,null,null
Mathematics 9,2,All,Prov,Mark,57.7,null,null,null,null
Mathematics 9,1,English,Prov,Mark,61.6,66.6,57.4,60,59.5
Mathematics 9,1,All,Prov,Mark,62.5,66.9,57.7,60.2,59.9
Mathematics 9 (Fr),1,French,Prov,Acceptable,87.4,84.3,86,85.6,86.7
Mathematics 9 (Fr),1,French,Prov,Excellence,27.1,20.2,22.5,22.4,23.1
Mathematics 9 (Fr),1,French,Prov,Mark,68.9,71.4,62.8,63.6,65.2
Mathematics 9 KAE,1,English,Prov,Acceptable,75,74.2,71.6,74.9,73.6
Mathematics 9 KAE,1,All,Prov,Acceptable,75,74.3,71.7,74.8,73.5
Mathematics 9 KAE,1,English,Prov,Excellence,17.5,17,17.6,16.7,16.9
Mathematics 9 KAE,1,All,Prov,Excellence,17.5,17.1,17.6,16.7,16.8
Mathematics 9 KAE,1,English,Prov,Mark,64.3,64.9,63.3,64.1,62.8
Mathematics 9 KAE,1,All,Prov,Mark,64.4,65,63.3,64.1,62.8
Science 9,1,English,Prov,Acceptable,81.2,82.8,82,81.6,81.5
Science 9,1,All,Prov,Acceptable,81.5,83.2,82.3,81.7,81.8
Science 9,1,All,Prov,Excellence,19.6,23.1,24.9,22.4,24.7
Science 9,1,English,Prov,Excellence,19.8,23.2,24.9,22.4,24.7
Science 9,1,English,Prov,Mark,66.4,66.3,64.5,64.9,66.1
Science 9,1,All,Prov,Mark,66.5,66.4,64.6,64.8,66.1
Science 9 (Fr),1,French,Prov,Acceptable,85.6,87.8,87.3,84.2,84.8
Science 9 (Fr),1,French,Prov,Excellence,17.5,21.3,24.9,22.7,23.7
Science 9 (Fr),1,French,Prov,Mark,67.3,67.9,66.5,63.9,65.5
Science 9 KAE,1,All,Prov,Acceptable,77.4,79.8,79.3,78.7,74.8
Science 9 KAE,1,English,Prov,Acceptable,77.4,79.8,79.4,78.8,75.5
Science 9 KAE,1,All,Prov,Excellence,16.5,17.5,20.1,19.7,17.3
Science 9 KAE,1,English,Prov,Excellence,16.5,17.5,20.3,19.7,17.6
Science 9 KAE,1,English,Prov,Mark,64.3,65.7,66.2,65.4,63.8
Science 9 KAE,1,All,Prov,Mark,64.3,65.7,66.2,65.4,63.6
Social Studies (Fr) 9,1,French,Prov,Acceptable,84.4,80.3,83.4,79.1,77.6
Social Studies (Fr) 9,1,French,Prov,Excellence,18.6,14.3,12.3,14.3,15.1
Social Studies (Fr) 9,1,French,Prov,Mark,69.8,64.5,65.7,65.4,63.2
Social Studies 9,1,English,Prov,Acceptable,75.8,75.4,76.9,73.6,73.6
Social Studies 9,1,All,Prov,Acceptable,76.4,75.7,77.4,74,73.9
Social Studies 9,1,All,Prov,Excellence,20.8,21.4,21.4,21.2,22.4
Social Studies 9,1,English,Prov,Excellence,21,21.9,22.1,21.7,23
Social Studies 9,1,All,Prov,Mark,67.5,64.5,66,65.7,64.1
Social Studies 9,1,English,Prov,Mark,67.4,64.5,66.1,65.8,64.2
Social Studies 9 KAE,1,All,Prov,Acceptable,75.8,73.5,75.7,74.2,73.1
Social Studies 9 KAE,1,English,Prov,Acceptable,75.8,73.5,75.7,74.3,73.3
Social Studies 9 KAE,1,All,Prov,Excellence,18.4,16.1,16.4,15,12.6
Social Studies 9 KAE,1,English,Prov,Excellence,18.5,16.1,16.6,15.1,12.7
Social Studies 9 KAE,1,All,Prov,Mark,66,66.6,66.3,64.5,65.4
Social Studies 9 KAE,1,English,Prov,Mark,66.1,66.6,66.3,64.5,65.6
Biology 30,,All,Prov,ta % Acceptable,93,93.1,93.6,94.2,94.5
Biology 30,,All,Prov,ta % Excellence,31.6,32.9,32.8,35.7,36
Biology 30,,All,Prov,ta Course Mark,73.4,73.7,74.2,74.4,74.7
Biology 30,,All,Prov,ta Exam Mark,66.8,67.3,67,68.8,68.9
Chemistry 30,,All,Prov,ta % Acceptable,91,89.7,90.5,91.2,92.6
Chemistry 30,,All,Prov,ta % Excellence,33.4,31.2,32.2,33.6,37.5
Chemistry 30,,All,Prov,ta Course Mark,74,74,74.4,74,75.3
Chemistry 30,,All,Prov,ta Exam Mark,66.6,64.3,64.9,66.6,68.2
English Lang Arts 30-1,,All,Prov,ta % Acceptable,96.6,96.5,97.1,97,97
English Lang Arts 30-1,,All,Prov,ta % Excellence,15.3,15.4,16.1,15.6,16.8
English Lang Arts 30-1,,All,Prov,ta Course Mark,71.9,71.9,72.1,72.1,72.2
English Lang Arts 30-1,,All,Prov,ta Exam Mark,62.9,62.8,63.6,63.3,64.1
English Lang Arts 30-2,,All,Prov,ta % Acceptable,95.8,95.7,96.4,96.3,96.9
English Lang Arts 30-2,,All,Prov,ta % Excellence,6.2,6.2,7.3,7.6,9.2
English Lang Arts 30-2,,All,Prov,ta Course Mark,64.2,64.3,64.9,65.4,66.2
English Lang Arts 30-2,,All,Prov,ta Exam Mark,64.4,64.2,65.1,65,65.9
French Lang Arts 30-1,,All,Prov,ta % Acceptable,99.6,99.4,99.2,99.2,99.2
French Lang Arts 30-1,,All,Prov,ta % Excellence,28.2,25.9,23.8,23.4,26.3
French Lang Arts 30-1,,All,Prov,ta Course Mark,78,77.8,77,77.2,77.8
French Lang Arts 30-1,,All,Prov,ta Exam Mark,67.4,67.5,67.4,67.3,68.2
Mathematics 30-1,,All,Prov,ta % Acceptable,null,null,null,91.7,89.4
Mathematics 30-1,,All,Prov,ta % Excellence,null,null,null,37.9,32.6
Mathematics 30-1,,All,Prov,ta Course Mark,null,null,null,74.9,75.6
Mathematics 30-1,,All,Prov,ta Exam Mark,null,null,null,68.9,63.9
Mathematics 30-2,,All,Prov,ta % Acceptable,null,null,null,86.4,87
Mathematics 30-2,,All,Prov,ta % Excellence,null,null,null,10.6,15.3
Mathematics 30-2,,All,Prov,ta Course Mark,null,null,null,66.6,67.5
Mathematics 30-2,,All,Prov,ta Exam Mark,null,null,null,57.5,60.1
Physics 30,,All,Prov,ta % Acceptable,91.5,90.9,92.4,92.6,93.3
Physics 30,,All,Prov,ta % Excellence,26.7,31.6,34.4,34.1,38.8
Physics 30,,All,Prov,ta Course Mark,75.4,75,75.5,75.2,76.4
Physics 30,,All,Prov,ta Exam Mark,62,64.7,66.7,66.9,68.8
Science 30,,All,Prov,ta % Acceptable,92.3,93.1,92.4,93.9,94.7
Science 30,,All,Prov,ta % Excellence,20.9,21.2,21.9,25.7,26.1
Science 30,,All,Prov,ta Course Mark,69,69.5,70.2,71,71.1
Science 30,,All,Prov,ta Exam Mark,65.1,65,64.9,67.2,67.5
Social Studies 30-1,,All,Prov,ta % Acceptable,97.3,96.9,97.7,97.7,97.7
Social Studies 30-1,,All,Prov,ta % Excellence,21.2,20.5,22.2,22,21
Social Studies 30-1,,All,Prov,ta Course Mark,73.4,73.6,73.9,74.3,74.4
Social Studies 30-1,,All,Prov,ta Exam Mark,64.6,63.8,65.2,64.8,64.5
Social Studies 30-2,,All,Prov,ta % Acceptable,94.5,95,94.7,94.1,94.3
Social Studies 30-2,,All,Prov,ta % Excellence,9.1,10.6,10.8,11.2,12.7
Social Studies 30-2,,All,Prov,ta Course Mark,64.5,65,65.8,66.2,66.7
Social Studies 30-2,,All,Prov,ta Exam Mark,64.3,65.2,63.6,63.5,64.3
