"Diploma Course","Authority Code","Authority Name","School Code","School Name","2010  Students Writing","2010  School Mark % Exc","2010  School Mark % Acc","2010  School Average %","2010  School Standard Deviation %","2010  Exam Mark % Exc","2010  Exam Mark Exc Sig","2010  Exam Mark % Acc","2010  Exam Mark Acc Sig","2010  Exam Average %","2010  Exam Standard Deviation %","2010  Final Mark % Exc","2010  Final Mark % Acc","2010  Final Average %","2010  Final Standard Deviation %","2011  Students Writing","2011  School Mark % Exc","2011  School Mark % Acc","2011  School Average %","2011  School Standard Deviation %","2011  Exam Mark % Exc","2011  Exam Mark Exc Sig","2011  Exam Mark % Acc","2011  Exam Mark Acc Sig","2011  Exam Average %","2011  Exam Standard Deviation %","2011  Final Mark % Exc","2011  Final Mark % Acc","2011  Final Average %","2011  Final Standard Deviation %","2012  Students Writing","2012  School Mark % Exc","2012  School Mark % Acc","2012  School Average %","2012  School Standard Deviation %","2012  Exam Mark % Exc","2012  Exam Mark Exc Sig","2012  Exam Mark % Acc","2012  Exam Mark Acc Sig","2012  Exam Average %","2012  Exam Standard Deviation %","2012  Final Mark % Exc","2012  Final Mark % Acc","2012  Final Average %","2012  Final Standard Deviation %","2013  Students Writing","2013  School Mark % Exc","2013  School Mark % Acc","2013  School Average %","2013  School Standard Deviation %","2013  Exam Mark % Exc","2013  Exam Mark Exc Sig","2013  Exam Mark % Acc","2013  Exam Mark Acc Sig","2013  Exam Average %","2013  Exam Standard Deviation %","2013  Final Mark % Exc","2013  Final Mark % Acc","2013  Final Average %","2013  Final Standard Deviation %","2014  Students Writing","2014  School Mark % Exc","2014  School Mark % Acc","2014  School Average %","2014  School Standard Deviation %","2014  Exam Mark % Exc","2014  Exam Mark Exc Sig","2014  Exam Mark % Acc","2014  Exam Mark Acc Sig","2014  Exam Average %","2014  Exam Standard Deviation %","2014  Final Mark % Exc","2014  Final Mark % Acc","2014  Final Average %","2014  Final Standard Deviation %"
"English Lang Arts 30-2",2195,"Elk Island Public Schools Regional Division No. 14",401,"Vegreville Next Step III Outreach School",1,100,100,82,N/A,0,=,100,=,66,N/A,0,100,74,N/A,3,33.3,100,72.7,9.3,0,=,66.7,=,50.3,25.5,0,66.7,61.7,14.6,3,33.3,100,78.3,5.8,0,=,100,=,66.3,9.5,33.3,100,72.7,7.6,N/A,N/A,N/A,N/A,N/A,N/A,N/A,N/A,N/A,N/A,N/A,N/A,N/A,N/A,N/A,4,25,100,77.5,5,0,=,100,=,67.5,8.2,0,100,72.8,3.4
"English Lang Arts 30-1",2195,"Elk Island Public Schools Regional Division No. 14",401,"Vegreville Next Step III Outreach School",1,100,100,91,N/A,0,=,100,=,64,N/A,0,100,78,N/A,N/A,N/A,N/A,N/A,N/A,N/A,N/A,N/A,N/A,N/A,N/A,N/A,N/A,N/A,N/A,3,100,100,81.7,2.9,0,=,0,=,43.3,3.1,0,100,62.7,0.6,N/A,N/A,N/A,N/A,N/A,N/A,N/A,N/A,N/A,N/A,N/A,N/A,N/A,N/A,N/A,N/A,N/A,N/A,N/A,N/A,N/A,N/A,N/A,N/A,N/A,N/A,N/A,N/A,N/A,N/A
"Biology 30",2195,"Elk Island Public Schools Regional Division No. 14",401,"Vegreville Next Step III Outreach School",2,50,100,78,9.9,0,=,50,=,60.5,17.7,0,100,69.5,13.4,1,100,100,80,N/A,0,=,100,=,69,N/A,0,100,75,N/A,1,0,0,40,N/A,0,=,0,=,39,N/A,0,0,40,N/A,N/A,N/A,N/A,N/A,N/A,N/A,N/A,N/A,N/A,N/A,N/A,N/A,N/A,N/A,N/A,N/A,N/A,N/A,N/A,N/A,N/A,N/A,N/A,N/A,N/A,N/A,N/A,N/A,N/A,N/A
"Chemistry 30",2195,"Elk Island Public Schools Regional Division No. 14",401,"Vegreville Next Step III Outreach School",1,0,100,72,N/A,0,N/A,100,N/A,67,N/A,0,100,70,N/A,N/A,N/A,N/A,N/A,N/A,N/A,N/A,N/A,N/A,N/A,N/A,N/A,N/A,N/A,N/A,1,100,100,80,N/A,0,=,100,=,78,N/A,0,100,79,N/A,N/A,N/A,N/A,N/A,N/A,N/A,N/A,N/A,N/A,N/A,N/A,N/A,N/A,N/A,N/A,N/A,N/A,N/A,N/A,N/A,N/A,N/A,N/A,N/A,N/A,N/A,N/A,N/A,N/A,N/A
"Social Studies 30-1",2195,"Elk Island Public Schools Regional Division No. 14",401,"Vegreville Next Step III Outreach School",N/A,N/A,N/A,N/A,N/A,N/A,N/A,N/A,N/A,N/A,N/A,N/A,N/A,N/A,N/A,N/A,N/A,N/A,N/A,N/A,N/A,N/A,N/A,N/A,N/A,N/A,N/A,N/A,N/A,N/A,2,100,100,84,5.7,0,N/A,0,N/A,41,7.1,0,100,62.5,6.4,1,0,100,65,N/A,0,=,0,=,45,N/A,0,100,55,N/A,N/A,N/A,N/A,N/A,N/A,N/A,N/A,N/A,N/A,N/A,N/A,N/A,N/A,N/A,N/A
"Social Studies 30-2",2195,"Elk Island Public Schools Regional Division No. 14",401,"Vegreville Next Step III Outreach School",N/A,N/A,N/A,N/A,N/A,N/A,N/A,N/A,N/A,N/A,N/A,N/A,N/A,N/A,N/A,6,0,100,61.7,6.8,0,N/A,66.7,N/A,47.8,17.3,0,66.7,55,11.5,3,0,100,73.3,2.9,0,=,66.7,=,60.3,11.6,0,100,67,5.6,1,100,100,90,N/A,0,=,100,=,70,N/A,100,100,80,N/A,3,66.7,100,78.3,7.6,33.3,=,100,=,69,10.5,33.3,100,74,7.9
"English Lang Arts 30-2",2195,"Elk Island Public Schools Regional Division No. 14",3610,"Vegreville Composite High School",15,6.7,100,65.9,9.8,13.3,=,100,=,71.9,8.2,6.7,100,69.1,8.5,23,13,100,66.7,9.3,21.7,=,100,=,71.9,8.4,4.3,100,69.7,7.5,23,17.4,100,66.5,8.7,13,=,100,=,71.9,10.1,17.4,100,69.5,8.8,23,8.7,100,63,9.6,21.7,=,100,=,70.5,9,13,100,67.1,8.7,33,18.2,97,66.7,11.3,27.3,=,100,=,72.5,10.8,21.2,100,69.9,10.5
"English Lang Arts 30-1",2195,"Elk Island Public Schools Regional Division No. 14",3610,"Vegreville Composite High School",35,34.3,100,75,8.4,11.4,=,91.4,=,64.7,12.6,17.1,100,70,10.2,35,31.4,100,76,9.4,11.4,=,97.1,=,66.8,10.2,22.9,100,71.7,9.2,27,33.3,100,74,9.2,11.1,=,96.3,=,66.7,11.5,18.5,100,70.5,9.7,33,57.6,100,77.5,10.9,18.2,=,97,=,68.5,11,21.2,100,73.2,9.9,28,32.1,100,74.2,8.5,14.3,=,89.3,=,66.8,11.7,17.9,100,70.8,9.4
"Mathematics 30-1",2195,"Elk Island Public Schools Regional Division No. 14",3610,"Vegreville Composite High School",N/A,N/A,N/A,N/A,N/A,N/A,N/A,N/A,N/A,N/A,N/A,N/A,N/A,N/A,N/A,N/A,N/A,N/A,N/A,N/A,N/A,N/A,N/A,N/A,N/A,N/A,N/A,N/A,N/A,N/A,N/A,N/A,N/A,N/A,N/A,N/A,N/A,N/A,N/A,N/A,N/A,N/A,N/A,N/A,N/A,29,24.1,93.1,68.5,15,13.8,N/A,65.5,N/A,57.8,21,13.8,82.8,63.5,17.4,31,25.8,96.8,68.6,14.1,6.5,N/A,58.1,N/A,54.5,19,19.4,83.9,61.8,15.4
"Mathematics 30-2",2195,"Elk Island Public Schools Regional Division No. 14",3610,"Vegreville Composite High School",N/A,N/A,N/A,N/A,N/A,N/A,N/A,N/A,N/A,N/A,N/A,N/A,N/A,N/A,N/A,N/A,N/A,N/A,N/A,N/A,N/A,N/A,N/A,N/A,N/A,N/A,N/A,N/A,N/A,N/A,N/A,N/A,N/A,N/A,N/A,N/A,N/A,N/A,N/A,N/A,N/A,N/A,N/A,N/A,N/A,12,33.3,100,72.2,13,8.3,N/A,83.3,N/A,61.8,12,25,91.7,67.3,12,20,25,90,69.1,13.4,10,N/A,70,N/A,60.5,16.8,20,80,65.2,14.7
"Biology 30",2195,"Elk Island Public Schools Regional Division No. 14",3610,"Vegreville Composite High School",38,47.4,97.4,73.7,14.8,36.8,=,84.2,=,67.7,16.7,36.8,97.4,70.9,15.3,39,30.8,92.3,72.8,13.4,23.1,=,87.2,=,68.2,14.9,28.2,92.3,70.8,13.8,38,34.2,100,75.4,11.7,26.3,=,86.8,=,68.3,15.9,26.3,97.4,72.2,13.2,30,40,90,69.5,15,30,=,70,=,64.4,16.5,26.7,86.7,67.2,15.5,44,18.2,93.2,68.9,13.6,22.7,=,86.4,=,65.2,16,18.2,93.2,67.3,14.2
"Chemistry 30",2195,"Elk Island Public Schools Regional Division No. 14",3610,"Vegreville Composite High School",23,47.8,100,77.3,11.5,34.8,-,73.9,-,64.6,20.5,30.4,100,71.4,15.2,34,44.1,100,72.8,14.3,26.5,=,76.5,=,66.5,17.9,35.3,94.1,70.2,15.1,22,36.4,90.9,69.1,13.6,9.1,-,68.2,=,54.4,18.6,13.6,72.7,62,15.6,25,28,84,66.2,17,28,=,56,=,59.4,22,24,76,63.2,19.1,26,34.6,100,73.5,11.8,26.9,=,84.6,=,68,16.1,26.9,100,71.1,13.2
"Physics 30",2195,"Elk Island Public Schools Regional Division No. 14",3610,"Vegreville Composite High School",16,50,100,79.8,10.6,31.3,=,75,=,64.8,20,37.5,100,72.5,15,27,48.1,92.6,75.2,13.5,29.6,=,77.8,=,63.8,19.1,29.6,92.6,69.8,15.8,13,30.8,92.3,69.5,15.3,15.4,=,76.9,=,63.1,15.8,23.1,84.6,66.5,15.1,5,60,100,87,10.4,100,+,100,=,87.2,6.1,80,100,87.4,7.9,18,33.3,88.9,67.1,15,27.8,=,72.2,=,64.7,18.6,27.8,88.9,66.3,15.7
"Social Studies 30-1",2195,"Elk Island Public Schools Regional Division No. 14",3610,"Vegreville Composite High School",33,18.2,100,71.2,8.1,15.2,N/A,97,N/A,68,12.3,15.2,100,69.9,9.9,36,33.3,100,73.6,9.5,16.7,=,94.4,=,67.7,11.7,25,100,70.9,9.7,26,38.5,100,73.1,9.8,19.2,=,76.9,-,67,15,19.2,100,70.5,11.8,27,33.3,100,73,10.1,18.5,=,96.3,=,68,10.8,18.5,100,70.8,10.1,28,25,100,70.8,8.8,14.3,=,89.3,=,62.5,13.1,17.9,100,66.9,10.5
"Social Studies 30-2",2195,"Elk Island Public Schools Regional Division No. 14",3610,"Vegreville Composite High School",18,5.6,83.3,58.4,9.7,22.2,N/A,100,N/A,67.8,12.6,5.6,100,63.6,10.1,20,5,100,69.1,6.9,20,=,100,=,69.7,11.9,15,100,69.6,8,24,12.5,95.8,64.4,10.9,37.5,=,100,=,74.1,10.6,16.7,100,69.5,10.5,24,0,91.7,62,8.7,25,=,95.8,=,68,12.5,0,100,65.2,9.9,35,11.4,94.3,65.4,11.3,34.3,=,97.1,=,73.7,12.4,22.9,97.1,69.8,11.5
"English Lang Arts 30-2",2195,"Elk Island Public Schools Regional Division No. 14",3395,"Strathcona Christian Academy",2,0,50,51.5,16.3,0,=,100,=,61,2.8,0,100,56.5,9.2,2,0,100,60.5,4.9,0,=,100,=,60,8.5,0,100,60.5,6.4,5,20,100,69.2,7,0,=,100,=,73.2,5.6,0,100,71.4,5.5,12,8.3,91.7,66.7,10.7,16.7,=,100,=,70.1,8.8,8.3,100,68.5,8.2,6,0,83.3,52.5,12.5,33.3,=,100,=,71.5,12.4,0,83.3,62.3,10.7
"English Lang Arts 30-1",2195,"Elk Island Public Schools Regional Division No. 14",3395,"Strathcona Christian Academy",70,25.7,100,73.1,9,14.3,=,95.7,=,67.7,10.5,20,100,70.6,9.2,64,32.8,100,74.1,9.3,31.3,=,95.3,=,71.5,12,34.4,100,73,10.2,62,32.3,100,74.6,8.1,30.6,=,95.2,=,72.9,11.1,29,100,74,9.2,69,26.1,100,74.2,8.1,20.3,=,98.6,=,71.8,9.8,23.2,100,73.3,8.4,80,21.3,100,72,7.6,21.3,=,98.8,=,69.9,11.1,21.3,100,71.2,8.9
"Mathematics 30-1",2195,"Elk Island Public Schools Regional Division No. 14",3395,"Strathcona Christian Academy",N/A,N/A,N/A,N/A,N/A,N/A,N/A,N/A,N/A,N/A,N/A,N/A,N/A,N/A,N/A,N/A,N/A,N/A,N/A,N/A,N/A,N/A,N/A,N/A,N/A,N/A,N/A,N/A,N/A,N/A,N/A,N/A,N/A,N/A,N/A,N/A,N/A,N/A,N/A,N/A,N/A,N/A,N/A,N/A,N/A,48,52.1,95.8,77.8,15.3,41.7,N/A,83.3,N/A,74.4,18.7,47.9,95.8,76.3,16.6,60,30,100,73.1,12.2,20,N/A,80,N/A,64.3,15.9,20,91.7,68.9,13.5
"Mathematics 30-2",2195,"Elk Island Public Schools Regional Division No. 14",3395,"Strathcona Christian Academy",N/A,N/A,N/A,N/A,N/A,N/A,N/A,N/A,N/A,N/A,N/A,N/A,N/A,N/A,N/A,N/A,N/A,N/A,N/A,N/A,N/A,N/A,N/A,N/A,N/A,N/A,N/A,N/A,N/A,N/A,N/A,N/A,N/A,N/A,N/A,N/A,N/A,N/A,N/A,N/A,N/A,N/A,N/A,N/A,N/A,25,12,84,59.8,14.7,0,N/A,76,N/A,58.2,14.1,8,88,59.2,13.6,23,17.4,100,67.3,11.8,13,N/A,69.6,N/A,60.1,16.2,13,91.3,64.1,12.6
"Biology 30",2195,"Elk Island Public Schools Regional Division No. 14",3395,"Strathcona Christian Academy",58,56.9,94.8,78.2,15.1,37.9,=,91.4,=,71.8,14.2,44.8,96.6,75.3,13.7,49,34.7,98,75.1,14.6,34.7,=,93.9,=,73.2,14.1,32.7,98,74.3,14.1,55,49.1,90.9,73.1,16.1,38.2,=,90.9,=,72.5,14.9,41.8,92.7,73,15,67,43.3,95.5,74.9,15.2,41.8,=,97,=,74.4,12.5,40.3,98.5,74.9,13.1,68,42.6,94.1,74.3,15.7,33.8,=,94.1,=,72.3,13.9,35.3,94.1,73.6,13.9
"Chemistry 30",2195,"Elk Island Public Schools Regional Division No. 14",3395,"Strathcona Christian Academy",48,45.8,97.9,77,11.7,27.1,=,85.4,=,69.4,17,35.4,95.8,73.5,13.9,44,45.5,93.2,74.7,13.9,27.3,=,75,=,65.4,18.7,34.1,93.2,70.3,15.9,34,41.2,94.1,75.8,13.7,23.5,=,73.5,=,64.7,16.8,26.5,94.1,70.6,14.3,47,38.3,87.2,71.1,16.9,36.2,=,78.7,=,66.2,20.8,38.3,80.9,68.9,18.5,45,17.8,93.3,66.5,13.5,11.1,-,66.7,=,56.2,17.5,11.1,80,61.6,14.6
"Physics 30",2195,"Elk Island Public Schools Regional Division No. 14",3395,"Strathcona Christian Academy",23,43.5,95.7,75.9,12.6,8.7,-,82.6,=,62.3,13.1,21.7,95.7,69.4,12.1,21,61.9,100,80.7,8.9,47.6,=,95.2,=,74.8,13.4,52.4,100,78,10.7,13,15.4,92.3,69.2,11.4,15.4,=,84.6,=,60.6,14.1,15.4,92.3,65.3,12.3,23,34.8,100,76.3,11,30.4,=,82.6,=,69.7,17.7,34.8,95.7,73.3,13.8,14,21.4,85.7,64.5,18.3,21.4,=,78.6,=,60.7,17,21.4,92.9,62.8,16.7
"Social Studies 30-1",2195,"Elk Island Public Schools Regional Division No. 14",3395,"Strathcona Christian Academy",74,28.4,98.6,73.4,10.8,8.1,N/A,81.1,N/A,62.7,13.3,14.9,98.6,68.3,11.3,61,44.3,100,77.1,13.3,24.6,+,88.5,=,67.7,14.3,32.8,98.4,72.7,13,59,40.7,100,75.7,10.2,22,=,93.2,=,69.4,13.6,32.2,96.6,72.8,11.1,63,41.3,98.4,73.7,11,12.7,=,88.9,=,67.1,11.9,23.8,100,70.7,10.4,75,30.7,100,73.6,9.5,13.3,=,92,=,64.1,12.2,17.3,100,69.1,10.3
"Social Studies 30-2",2195,"Elk Island Public Schools Regional Division No. 14",3395,"Strathcona Christian Academy",2,0,100,76.5,2.1,0,N/A,100,N/A,69.5,12,0,100,73.5,4.9,6,66.7,100,84.2,9.9,66.7,=,100,=,81.3,9.7,66.7,100,83.2,9.6,11,27.3,100,71.3,8.7,18.2,=,100,=,70.9,10.5,18.2,100,71.4,9.1,18,27.8,100,72.1,11.3,22.2,=,100,=,68,12.1,27.8,100,70.3,10.7,9,0,88.9,63,11.6,0,-,66.7,-,58.3,14.5,0,88.9,61.1,10.5
"English Lang Arts 30-2",2195,"Elk Island Public Schools Regional Division No. 14",3307,"Sherwood Park Next Step I Outreach School",22,22.7,86.4,65.1,16.1,9.1,=,86.4,=,63.2,13.6,13.6,95.5,64.8,11.1,30,33.3,96.7,71.6,11,6.7,=,90,=,63.6,12.2,10,100,68.3,8.5,33,18.2,100,67.4,10.7,6.1,=,84.8,=,64.7,12.4,9.1,93.9,66.5,10.2,34,29.4,100,71.3,9.9,8.8,=,85.3,=,63.4,11.2,8.8,100,67.7,9.9,42,31,100,72.9,10.5,23.8,=,92.9,=,69.5,12.8,23.8,100,71.7,10.9
"English Lang Arts 30-1",2195,"Elk Island Public Schools Regional Division No. 14",3307,"Sherwood Park Next Step I Outreach School",45,68.9,93.3,78.9,14.6,0,-,77.8,=,59,11,13.3,95.6,69.5,10.2,60,70,98.3,81.3,10.1,6.7,=,76.7,=,58.2,12.7,16.7,96.7,70,10.1,69,29,100,70.6,9.3,4.3,=,76.8,=,58.8,11.9,10.1,100,65,9.6,59,20.3,98.3,71.4,8.6,0,=,84.7,=,59.2,10.2,5.1,98.3,65.6,8.3,53,26.4,98.1,71.4,9.8,3.8,=,92.5,+,61.4,9.5,13.2,96.2,66.7,8.5
"Mathematics 30-1",2195,"Elk Island Public Schools Regional Division No. 14",3307,"Sherwood Park Next Step I Outreach School",N/A,N/A,N/A,N/A,N/A,N/A,N/A,N/A,N/A,N/A,N/A,N/A,N/A,N/A,N/A,N/A,N/A,N/A,N/A,N/A,N/A,N/A,N/A,N/A,N/A,N/A,N/A,N/A,N/A,N/A,N/A,N/A,N/A,N/A,N/A,N/A,N/A,N/A,N/A,N/A,N/A,N/A,N/A,N/A,N/A,28,53.6,100,77.1,11.2,14.3,N/A,78.6,N/A,59.5,16.1,17.9,89.3,68.7,13.1,32,59.4,96.9,79.7,16.5,18.8,N/A,59.4,N/A,57.7,21.3,25,81.3,69.3,17.4
"Mathematics 30-2",2195,"Elk Island Public Schools Regional Division No. 14",3307,"Sherwood Park Next Step I Outreach School",N/A,N/A,N/A,N/A,N/A,N/A,N/A,N/A,N/A,N/A,N/A,N/A,N/A,N/A,N/A,N/A,N/A,N/A,N/A,N/A,N/A,N/A,N/A,N/A,N/A,N/A,N/A,N/A,N/A,N/A,N/A,N/A,N/A,N/A,N/A,N/A,N/A,N/A,N/A,N/A,N/A,N/A,N/A,N/A,N/A,20,15,95,67,12,35,N/A,80,N/A,66.7,20.7,30,80,68.4,16.8,23,30.4,100,70.2,9.5,8.7,N/A,91.3,N/A,64.1,11.2,13,100,68,9.5
"Biology 30",2195,"Elk Island Public Schools Regional Division No. 14",3307,"Sherwood Park Next Step I Outreach School",35,40,100,75.9,10.5,8.6,=,60,=,54.1,17,14.3,88.6,65.3,13.2,47,53.2,100,77.2,12.2,12.8,=,46.8,=,52.1,18.3,14.9,91.5,65,13.6,30,53.3,100,75.2,11.5,13.3,=,70,=,62.1,15.4,23.3,96.7,68.9,12.7,27,40.7,100,74.3,10.4,11.1,=,77.8,=,62,17.6,25.9,96.3,68.4,13.2,31,54.8,93.5,74.7,14.1,25.8,=,83.9,=,66.2,16.3,29,90.3,71.3,13.9
"Science 30",2195,"Elk Island Public Schools Regional Division No. 14",3307,"Sherwood Park Next Step I Outreach School",20,20,100,71.1,8,25,=,85,=,67.5,14.3,15,100,69.8,10.4,12,66.7,100,82.3,7.9,16.7,=,75,=,66.4,18.1,50,100,75,12.6,25,52,100,77.5,10.3,36,=,96,=,71.8,12.4,36,100,75.3,10.4,27,63,96.3,79,11.3,48.1,=,100,+,76,12.1,51.9,100,78.1,11.2,32,56.3,100,78,10.4,37.5,=,90.6,=,71.8,13.5,40.6,100,75.4,11.1
"Chemistry 30",2195,"Elk Island Public Schools Regional Division No. 14",3307,"Sherwood Park Next Step I Outreach School",13,53.8,92.3,76.6,13.8,7.7,=,69.2,=,58.5,16.8,15.4,84.6,67.8,14,25,92,100,86.2,8.5,8,=,72,=,55.7,19.6,16,100,71.3,11.1,30,40,83.3,69.3,19.3,3.3,=,63.3,=,53.2,17.1,10,80,61.5,17.6,31,58.1,100,76.3,10.4,16.1,=,80.6,=,63.4,15.8,16.1,93.5,70.1,12.1,26,50,100,77.1,11.1,23.1,=,76.9,=,61.8,18.4,26.9,96.2,70,14.2
"Physics 30",2195,"Elk Island Public Schools Regional Division No. 14",3307,"Sherwood Park Next Step I Outreach School",9,33.3,77.8,68.7,21.1,0,=,55.6,=,51.1,16.1,11.1,77.8,60.2,18,16,50,93.8,78.5,15.9,0,=,62.5,=,55.1,16,25,87.5,67.1,14.7,16,43.8,93.8,71.4,14.4,18.8,=,50,=,54.9,20.1,18.8,87.5,63.4,16.6,16,68.8,100,76.3,11.3,12.5,=,75,=,60.3,17.9,18.8,87.5,68.4,12.6,14,57.1,100,80.4,10.3,14.3,=,78.6,=,66.4,16.2,28.6,100,73.9,12.6
"Social Studies 30-1",2195,"Elk Island Public Schools Regional Division No. 14",3307,"Sherwood Park Next Step I Outreach School",N/A,N/A,N/A,N/A,N/A,N/A,N/A,N/A,N/A,N/A,N/A,N/A,N/A,N/A,N/A,43,67.4,100,79.6,8.9,14,N/A,83.7,N/A,60.8,12.9,16.3,100,70.4,9.9,39,35.9,100,75.9,8.2,5.1,=,74.4,=,56.6,11.7,7.7,100,66.6,8.9,40,35,95,70,13,10,=,62.5,=,55.1,13.8,10,95,63.2,11.5,19,21.1,100,70.3,8.2,5.3,=,84.2,=,60.9,11.9,10.5,100,65.8,9.3
"Social Studies 30-2",2195,"Elk Island Public Schools Regional Division No. 14",3307,"Sherwood Park Next Step I Outreach School",N/A,N/A,N/A,N/A,N/A,N/A,N/A,N/A,N/A,N/A,N/A,N/A,N/A,N/A,N/A,62,17.7,95.2,65.9,11.7,8.1,N/A,79,N/A,60.4,15.2,8.1,91.9,63.5,12,57,12.3,98.2,67,10.3,15.8,=,80.7,=,64.2,14.1,14,96.5,65.9,11.4,34,17.6,100,67.5,9.8,8.8,=,79.4,=,60.9,12.9,17.6,100,64.6,10.4,49,14.3,98,65.2,10.4,14.3,=,73.5,=,62.3,15.3,14.3,91.8,64.1,12
"English Lang Arts 30-2",2195,"Elk Island Public Schools Regional Division No. 14",3322,"Salisbury Composite High School",115,13.9,94.8,68,10.7,3.5,=,85.2,=,61.7,11.3,5.2,97.4,65.2,9,89,2.2,94.4,61.9,8.1,3.4,=,87.6,=,64.4,10.6,1.1,100,63.5,7.8,76,3.9,88.2,59.1,12.1,3.9,=,89.5,=,62.8,9.8,0,94.7,61.2,8.8,78,7.7,93.6,61.8,11.1,5.1,=,85.9,=,61.2,10.3,1.3,93.6,61.8,9.1,101,8.9,98,63.6,10.3,6.9,=,94.1,=,66.1,10.1,4,97,65.1,8.3
"English Lang Arts 30-1",2195,"Elk Island Public Schools Regional Division No. 14",3322,"Salisbury Composite High School",250,29.6,99.2,72.5,10.1,8.4,=,82.4,=,61.1,12,12,98.4,67.1,9.8,242,31.4,98.8,71.6,11.6,8.3,=,78.1,=,61.6,13.1,17.4,97.5,66.9,11.4,233,33,97.4,72.4,10.8,5.6,=,83.3,=,60.3,11.9,11.2,97.9,66.7,10.3,222,35.1,99.5,72.1,10.5,7.7,=,85.1,=,62.5,11.6,12.6,99.1,67.6,9.9,236,31.8,99.2,72.6,9.7,8.9,=,88.1,=,63,12.1,13.1,98.7,68.2,9.8
"Mathematics 30-1",2195,"Elk Island Public Schools Regional Division No. 14",3322,"Salisbury Composite High School",N/A,N/A,N/A,N/A,N/A,N/A,N/A,N/A,N/A,N/A,N/A,N/A,N/A,N/A,N/A,N/A,N/A,N/A,N/A,N/A,N/A,N/A,N/A,N/A,N/A,N/A,N/A,N/A,N/A,N/A,N/A,N/A,N/A,N/A,N/A,N/A,N/A,N/A,N/A,N/A,N/A,N/A,N/A,N/A,N/A,130,41.5,99.2,74.5,13.1,31.5,N/A,79.2,N/A,67.8,19.4,33.8,92.3,71.4,15.7,157,49,94.9,75.2,14.6,21,N/A,68.8,N/A,60.7,18.7,24.2,89.2,68.3,15.4
"Mathematics 30-2",2195,"Elk Island Public Schools Regional Division No. 14",3322,"Salisbury Composite High School",N/A,N/A,N/A,N/A,N/A,N/A,N/A,N/A,N/A,N/A,N/A,N/A,N/A,N/A,N/A,N/A,N/A,N/A,N/A,N/A,N/A,N/A,N/A,N/A,N/A,N/A,N/A,N/A,N/A,N/A,N/A,N/A,N/A,N/A,N/A,N/A,N/A,N/A,N/A,N/A,N/A,N/A,N/A,N/A,N/A,106,7.5,89.6,62.2,11.1,0.9,N/A,60.4,N/A,52.3,14.4,1.9,78.3,57.5,11.9,124,19.4,91.9,65.7,12.7,8.1,N/A,63.7,N/A,56.3,18.3,12.1,80.6,61.3,14.5
"Biology 30",2195,"Elk Island Public Schools Regional Division No. 14",3322,"Salisbury Composite High School",225,27.6,89.3,68.4,14.1,26.7,=,82.7,=,67.4,15.7,24.4,87.6,68.2,14.3,173,27.7,94.8,70.2,13.2,32.9,=,87.3,=,70,14.8,30.1,93.1,70.4,13.6,158,32.3,88.6,69.5,14.2,30.4,=,91.1,=,69.5,14.9,27.8,94.9,69.9,14,131,34.4,90.1,70.1,14.7,29,=,80.9,=,66.8,16.6,29.8,90.8,68.8,15.1,177,34.5,90.4,69.9,15.8,30.5,=,87,=,68.2,15.6,31.6,89.8,69.3,15.2
"Science 30",2195,"Elk Island Public Schools Regional Division No. 14",3322,"Salisbury Composite High School",64,29.7,87.5,68.2,16.3,25,=,82.8,=,65.5,16.9,25,87.5,67.1,16.1,59,18.6,86.4,64.8,14.2,13.6,=,88.1,=,65.7,13.1,16.9,91.5,65.6,12.9,58,17.2,89.7,64.2,15,13.8,=,72.4,=,61.4,16,15.5,81,63.1,14.8,63,11.1,81,60.7,13.8,11.1,=,81,=,61.9,12.5,7.9,88.9,61.7,12.1,90,20,90,65.3,14.4,24.4,=,82.2,=,66.8,15,21.1,92.2,66.5,14
"Chemistry 30",2195,"Elk Island Public Schools Regional Division No. 14",3322,"Salisbury Composite High School",153,20.9,91.5,67.3,12.9,22.2,=,73.2,=,61.9,19.4,21.6,85,64.9,15.5,156,19.2,78.8,62.9,16.9,20.5,=,63.5,=,57,21.7,17.9,73.7,60.3,18.7,127,29.9,89.8,68.2,14.6,28.3,=,68.5,=,62.3,20.2,24.4,79.5,65.6,16.7,116,31.9,90.5,70.7,14.4,29.3,=,82.8,+,67.2,17.7,26.7,92.2,69.2,15.2,131,26,88.5,67.2,14.9,23.7,=,74,=,63.1,20.2,26,84,65.5,16.8
"Physics 30",2195,"Elk Island Public Schools Regional Division No. 14",3322,"Salisbury Composite High School",59,30.5,83.1,67.6,16.6,11.9,=,67.8,=,57,17.5,18.6,81.4,62.6,16.4,64,28.1,78.1,65.7,19.5,20.3,=,64.1,=,56.8,22.3,20.3,70.3,61.5,20.3,52,36.5,92.3,70.4,14.4,36.5,+,86.5,+,70.7,17.1,32.7,92.3,70.9,15.2,64,34.4,93.8,69.2,14,32.8,=,79.7,=,67.2,18.6,29.7,90.6,68.4,15.6,64,43.8,96.9,73.2,12.7,42.2,=,92.2,+,72.7,15.7,40.6,96.9,73.2,13.4
"Social Studies 30-1",2195,"Elk Island Public Schools Regional Division No. 14",3322,"Salisbury Composite High School",184,21.2,98.4,68.9,10.8,13,N/A,89.7,N/A,64.5,12.4,15.2,94.6,67,11,177,25.4,98.9,70.6,11.3,14.1,=,85.9,=,63.8,13.1,15.3,96.6,67.5,11.4,194,21.6,97.4,69.3,11.6,7.7,=,83,=,62.4,12.1,11.9,97.4,66.1,11.1,187,31,98.4,72,11.8,9.1,=,80.2,=,62.4,13,15.5,97.3,67.5,11.4,209,24.9,96.7,69.8,11.6,9.6,=,83.3,=,62.8,13.2,11,93.8,66.6,11.7
"Social Studies 30-2",2195,"Elk Island Public Schools Regional Division No. 14",3322,"Salisbury Composite High School",170,3.5,90.6,61.4,10.3,12.9,N/A,88.8,N/A,66.2,12.8,8.8,92.9,64.1,10.7,138,1.4,92,60.6,9.2,14.5,=,92,=,68.1,11.2,6.5,96.4,64.6,8.9,102,2,83.3,57.1,10.4,5.9,-,85.3,=,61.3,11,2,91.2,59.5,8.6,105,10.5,96.2,64.3,10.5,10.5,=,81.9,=,61.3,12,5.7,97.1,63.1,10.1,114,13.2,93.9,63.5,11.4,11.4,=,86,=,63.3,13.3,9.6,91.2,63.7,11.2
"English Lang Arts 30-2",2195,"Elk Island Public Schools Regional Division No. 14",3339,"Salisbury Composite (Evening)",8,0,100,68.8,5.1,25,=,87.5,=,64.9,15.1,0,100,67.5,9.6,5,20,100,66.4,10.9,0,=,80,=,62.8,11.1,0,100,65,10.5,10,30,100,72.4,8.4,20,=,80,=,66.2,13.6,20,100,69.6,9.8,4,50,100,75,7.1,0,=,75,=,65.5,13.7,0,100,70.5,7.1,5,20,100,73,5.7,20,=,100,=,77.2,2.9,20,100,75.2,4.1
"English Lang Arts 30-1",2195,"Elk Island Public Schools Regional Division No. 14",3339,"Salisbury Composite (Evening)",31,19.4,100,71.5,8,3.2,=,87.1,=,60.2,10.1,6.5,100,66,8.3,34,47.1,97.1,76.6,10.3,8.8,=,82.4,=,61.2,9.7,5.9,97.1,69.1,8.5,37,35.1,100,75.6,9.9,16.2,=,89.2,=,65.1,12.7,24.3,100,70.6,10.7,44,43.2,100,75.7,12.8,15.9,=,79.5,=,64.2,13.9,29.5,100,70.4,12.3,18,38.9,100,73.1,11.9,5.6,=,88.9,=,62.6,11,11.1,100,68.2,10.5
"Mathematics 30-1",2195,"Elk Island Public Schools Regional Division No. 14",3339,"Salisbury Composite (Evening)",N/A,N/A,N/A,N/A,N/A,N/A,N/A,N/A,N/A,N/A,N/A,N/A,N/A,N/A,N/A,N/A,N/A,N/A,N/A,N/A,N/A,N/A,N/A,N/A,N/A,N/A,N/A,N/A,N/A,N/A,N/A,N/A,N/A,N/A,N/A,N/A,N/A,N/A,N/A,N/A,N/A,N/A,N/A,N/A,N/A,22,36.4,90.9,71.6,15.3,13.6,N/A,59.1,N/A,58,18.9,22.7,81.8,65.2,16.4,23,43.5,95.7,71.7,14.1,4.3,N/A,43.5,N/A,46.7,16.5,4.3,78.3,59.5,14.4
"Mathematics 30-2",2195,"Elk Island Public Schools Regional Division No. 14",3339,"Salisbury Composite (Evening)",N/A,N/A,N/A,N/A,N/A,N/A,N/A,N/A,N/A,N/A,N/A,N/A,N/A,N/A,N/A,N/A,N/A,N/A,N/A,N/A,N/A,N/A,N/A,N/A,N/A,N/A,N/A,N/A,N/A,N/A,N/A,N/A,N/A,N/A,N/A,N/A,N/A,N/A,N/A,N/A,N/A,N/A,N/A,N/A,N/A,13,23.1,100,71.9,13.5,15.4,N/A,84.6,N/A,63.2,18.2,15.4,84.6,67.9,15.1,15,40,93.3,71.7,15.3,20,N/A,80,N/A,64.1,17.4,33.3,93.3,68.3,15.4
"Biology 30",2195,"Elk Island Public Schools Regional Division No. 14",3339,"Salisbury Composite (Evening)",29,82.8,100,83.7,10.4,31,=,89.7,=,69.7,15.3,51.7,100,77.1,12.1,41,75.6,100,85.4,9.1,24.4,=,78,=,63.3,16.1,34.1,100,74.6,12,32,37.5,100,73.6,11.9,6.3,-,81.3,=,62.1,12.1,15.6,100,68.1,11.5,20,75,100,82,9.7,30,=,90,=,69,13.5,40,100,75.7,11.2,27,40.7,92.6,72.6,17.2,11.1,=,63,=,59.7,17.5,29.6,88.9,66.6,16.5
"Science 30",2195,"Elk Island Public Schools Regional Division No. 14",3339,"Salisbury Composite (Evening)",4,50,100,79.3,5.6,50,=,100,=,71,15.4,50,100,75.8,10.4,N/A,N/A,N/A,N/A,N/A,N/A,N/A,N/A,N/A,N/A,N/A,N/A,N/A,N/A,N/A,7,28.6,100,70.9,13.3,28.6,=,85.7,=,64.3,18.6,28.6,100,68.7,16.1,N/A,N/A,N/A,N/A,N/A,N/A,N/A,N/A,N/A,N/A,N/A,N/A,N/A,N/A,N/A,N/A,N/A,N/A,N/A,N/A,N/A,N/A,N/A,N/A,N/A,N/A,N/A,N/A,N/A,N/A
"Chemistry 30",2195,"Elk Island Public Schools Regional Division No. 14",3339,"Salisbury Composite (Evening)",28,39.3,100,73.6,10.7,17.9,=,82.1,=,63.3,16.4,17.9,96.4,68.9,12.8,36,80.6,97.2,82,12.3,25,=,83.3,=,64.9,15.9,30.6,94.4,73.7,13.1,48,35.4,97.9,72.7,13.1,14.6,=,64.6,=,55.1,17.8,18.8,89.6,64.3,14.4,23,65.2,100,78.7,10.9,17.4,=,60.9,=,58,17.4,17.4,91.3,68.7,13.6,22,59.1,100,75.7,12.6,4.5,=,59.1,=,56.3,16.1,13.6,86.4,66.4,13.7
"Physics 30",2195,"Elk Island Public Schools Regional Division No. 14",3339,"Salisbury Composite (Evening)",14,42.9,92.9,71,15,0,-,78.6,=,59.6,12.3,14.3,92.9,65.5,13.3,21,57.1,95.2,74.4,14.8,28.6,=,76.2,=,66.6,17.4,33.3,95.2,70.7,15.5,18,55.6,94.4,76.1,16,38.9,=,88.9,=,67.9,19.3,50,94.4,72.3,17.3,17,47.1,94.1,74.7,17.2,35.3,=,76.5,=,69.4,18.8,35.3,94.1,72.5,17.3,7,57.1,100,77.9,9.9,14.3,=,100,=,65.1,11.7,28.6,100,71.9,9.2
"Social Studies 30-1",2195,"Elk Island Public Schools Regional Division No. 14",3339,"Salisbury Composite (Evening)",15,13.3,100,72,8.6,6.7,N/A,100,N/A,64,8.7,13.3,100,68.2,8.2,23,26.1,100,71.6,9.7,8.7,=,56.5,-,58.8,14.7,13,100,65.5,11.8,22,27.3,95.5,73.3,10.8,22.7,=,90.9,=,66.5,16.4,27.3,95.5,70.4,13.1,15,93.3,100,88.3,6.5,20,=,86.7,=,66.2,15.3,46.7,100,77.5,9.7,16,50,100,75.6,9.3,25,=,93.8,=,72.2,13.3,43.8,100,74.1,10.8
"Social Studies 30-2",2195,"Elk Island Public Schools Regional Division No. 14",3339,"Salisbury Composite (Evening)",5,20,100,66,13.4,20,N/A,60,N/A,58.2,16.9,20,80,62.4,14.8,4,25,100,76.8,2.4,25,=,100,=,72.3,7.4,25,100,74.8,4.9,6,0,100,67.2,7.9,0,=,66.7,=,63,16.4,0,100,65.3,11.7,4,25,100,70,12.9,25,=,50,=,56.5,16.9,25,100,63.8,14.4,N/A,N/A,N/A,N/A,N/A,N/A,N/A,N/A,N/A,N/A,N/A,N/A,N/A,N/A,N/A
"English Lang Arts 30-2",2195,"Elk Island Public Schools Regional Division No. 14",3404,"Lamont High School",13,7.7,84.6,61.1,10.9,7.7,=,92.3,=,64.1,10.7,15.4,92.3,62.9,10.2,13,0,76.9,59.3,10.3,7.7,=,92.3,=,63.3,9.8,0,100,61.7,8.6,12,0,66.7,52.3,13,16.7,=,75,=,63.6,14.1,8.3,75,58.3,12.8,12,0,66.7,54.4,10.1,8.3,=,100,=,65.9,9.2,8.3,100,61.2,8.6,22,0,90.9,58.5,7,4.5,=,100,=,70.3,8.1,4.5,100,64.7,6.4
"English Lang Arts 30-1",2195,"Elk Island Public Schools Regional Division No. 14",3404,"Lamont High School",22,4.5,100,67,7.2,0,=,77.3,=,56.7,9.2,0,100,62.1,7.4,19,10.5,94.7,68.6,9.2,5.3,=,89.5,=,59.4,11.2,5.3,94.7,64.3,9.6,25,20,96,67.2,10.7,8,=,76,=,58.1,12,8,96,63.1,10.6,21,14.3,90.5,62.6,13.8,4.8,=,76.2,=,58.1,12.3,9.5,85.7,60.8,12.6,15,26.7,100,72.5,9.6,0,=,93.3,=,62.2,10.9,6.7,93.3,67.6,9.8
"Mathematics 30-1",2195,"Elk Island Public Schools Regional Division No. 14",3404,"Lamont High School",N/A,N/A,N/A,N/A,N/A,N/A,N/A,N/A,N/A,N/A,N/A,N/A,N/A,N/A,N/A,N/A,N/A,N/A,N/A,N/A,N/A,N/A,N/A,N/A,N/A,N/A,N/A,N/A,N/A,N/A,N/A,N/A,N/A,N/A,N/A,N/A,N/A,N/A,N/A,N/A,N/A,N/A,N/A,N/A,N/A,16,25,87.5,66.3,17.1,6.3,N/A,50,N/A,50.4,22.9,12.5,68.8,58.6,19.6,14,42.9,100,69.6,14.9,14.3,N/A,50,N/A,49.1,22.8,21.4,64.3,59.7,18.4
"Mathematics 30-2",2195,"Elk Island Public Schools Regional Division No. 14",3404,"Lamont High School",N/A,N/A,N/A,N/A,N/A,N/A,N/A,N/A,N/A,N/A,N/A,N/A,N/A,N/A,N/A,N/A,N/A,N/A,N/A,N/A,N/A,N/A,N/A,N/A,N/A,N/A,N/A,N/A,N/A,N/A,N/A,N/A,N/A,N/A,N/A,N/A,N/A,N/A,N/A,N/A,N/A,N/A,N/A,N/A,N/A,8,12.5,87.5,64.1,14.4,12.5,N/A,25,N/A,45.4,19.3,12.5,62.5,55.1,16.5,10,30,100,64.2,14.5,10,N/A,40,N/A,44.5,20.9,10,40,54.6,16.5
"Biology 30",2195,"Elk Island Public Schools Regional Division No. 14",3404,"Lamont High School",19,0,94.7,61,8.5,0,=,68.4,=,56.9,11.1,0,89.5,59.3,8.9,18,22.2,94.4,65.4,12.9,11.1,=,66.7,=,58.6,15,11.1,88.9,62.4,13,14,21.4,78.6,67.6,14.7,21.4,=,85.7,=,65.6,16.4,21.4,85.7,66.8,15.2,23,17.4,87,65.5,15.2,13,=,65.2,=,58.4,20.4,13,78.3,62.3,17.4,9,33.3,100,73,12,22.2,=,100,=,68.7,10.6,22.2,100,71.1,11
"Chemistry 30",2195,"Elk Island Public Schools Regional Division No. 14",3404,"Lamont High School",10,0,90,58.2,8.8,0,=,50,=,45.7,14.1,0,60,52.2,10.9,7,14.3,71.4,51,17.4,0,=,28.6,=,38.1,16.2,0,42.9,45.1,16.3,19,10.5,73.7,62.4,14.6,10.5,=,73.7,=,54.6,17.3,5.3,78.9,58.7,15.4,16,18.8,87.5,64.1,16.4,18.8,=,50,=,55.1,20.1,18.8,81.3,60.1,17.8,14,35.7,85.7,64.7,15.4,21.4,=,78.6,=,63.8,17.5,21.4,85.7,64.6,15.4
"Physics 30",2195,"Elk Island Public Schools Regional Division No. 14",3404,"Lamont High School",11,0,90.9,62.3,9.7,0,=,45.5,=,46.7,14.1,0,90.9,54.9,11.1,9,22.2,66.7,59.8,15.4,0,=,44.4,=,44.9,9.5,0,44.4,52.4,11.8,10,10,90,66.4,13.9,10,=,60,=,56.4,16.9,10,90,61.7,15,11,18.2,90.9,69.5,14.9,27.3,=,54.5,=,60.4,22,18.2,90.9,65.2,17.1,18,50,100,77.8,9.9,22.2,=,77.8,=,65.4,16.9,22.2,94.4,71.9,12.5
"Social Studies 30-1",2195,"Elk Island Public Schools Regional Division No. 14",3404,"Lamont High School",12,0,100,66.3,7.5,0,N/A,91.7,N/A,57.8,7.1,0,100,62.3,6.7,13,7.7,100,66.3,7.4,7.7,=,69.2,=,55.6,12.2,7.7,100,61.2,8.8,18,16.7,100,69.3,9.3,11.1,=,88.9,=,64.4,11.5,16.7,100,67.3,9.9,8,25,100,75.3,10.2,12.5,=,100,=,65.4,13.6,12.5,100,70.5,11.4,14,21.4,100,70.6,8.2,0,=,100,=,63.9,8.8,0,100,67.6,7.8
"Social Studies 30-2",2195,"Elk Island Public Schools Regional Division No. 14",3404,"Lamont High School",27,7.4,92.6,61.5,10.5,11.1,N/A,81.5,N/A,64.9,13.8,3.7,88.9,63.4,11.4,17,11.8,94.1,62.8,11.2,11.8,=,88.2,=,62,12.8,11.8,94.1,62.6,11.3,22,0,68.2,50.6,14.1,13.6,=,63.6,=,55.9,15.2,4.5,63.6,53.5,13.6,25,4,88,59.3,11.3,12,=,88,=,67,10.7,4,100,63.8,9.3,20,0,95,64.7,7.9,5,=,95,=,62.9,8.8,5,100,64.1,7.4
"English Lang Arts 30-2",2195,"Elk Island Public Schools Regional Division No. 14",3310,"Fort Saskatchewan Next Step II Outreach School",11,9.1,90.9,65.7,18.9,0,=,90.9,=,63.7,9.4,9.1,90.9,64.9,10.8,23,21.7,100,70.3,7.5,13,=,91.3,=,65.1,12.6,13,100,68.3,10.2,13,0,92.3,64.2,8.9,0,=,100,=,67.5,7,0,100,66.5,7.7,14,35.7,100,73.9,6.6,28.6,=,92.9,=,71.9,12,28.6,100,73.3,8.9,13,30.8,100,71.5,13,23.1,=,84.6,=,66.2,18,23.1,92.3,69.8,13.2
"English Lang Arts 30-1",2195,"Elk Island Public Schools Regional Division No. 14",3310,"Fort Saskatchewan Next Step II Outreach School",9,22.2,88.9,69.2,16.4,0,=,77.8,=,57.8,10.3,11.1,100,64.9,9.8,11,45.5,100,75,8.9,0,=,72.7,=,58.2,12,18.2,100,66.9,9.9,6,16.7,100,74.8,3.9,0,=,100,=,61.7,4.2,0,100,68.5,3.4,12,25,100,70,8,0,=,83.3,=,59.8,11.7,8.3,100,65.2,9.2,10,60,100,79,9.4,0,=,90,=,63,8.7,10,100,71.2,7.6
"Mathematics 30-1",2195,"Elk Island Public Schools Regional Division No. 14",3310,"Fort Saskatchewan Next Step II Outreach School",N/A,N/A,N/A,N/A,N/A,N/A,N/A,N/A,N/A,N/A,N/A,N/A,N/A,N/A,N/A,N/A,N/A,N/A,N/A,N/A,N/A,N/A,N/A,N/A,N/A,N/A,N/A,N/A,N/A,N/A,N/A,N/A,N/A,N/A,N/A,N/A,N/A,N/A,N/A,N/A,N/A,N/A,N/A,N/A,N/A,4,100,100,82.5,2.9,0,N/A,100,N/A,61,3.2,0,100,72.3,1.7,4,50,100,77.5,13.2,0,N/A,50,N/A,52,28.4,25,100,66.3,19.1
"Mathematics 30-2",2195,"Elk Island Public Schools Regional Division No. 14",3310,"Fort Saskatchewan Next Step II Outreach School",N/A,N/A,N/A,N/A,N/A,N/A,N/A,N/A,N/A,N/A,N/A,N/A,N/A,N/A,N/A,N/A,N/A,N/A,N/A,N/A,N/A,N/A,N/A,N/A,N/A,N/A,N/A,N/A,N/A,N/A,N/A,N/A,N/A,N/A,N/A,N/A,N/A,N/A,N/A,N/A,N/A,N/A,N/A,N/A,N/A,6,50,100,77,6.8,50,N/A,83.3,N/A,66.5,17.7,50,100,72,11.9,8,50,87.5,70.6,19.2,25,N/A,75,N/A,65.9,17.4,37.5,87.5,69,17.3
"Biology 30",2195,"Elk Island Public Schools Regional Division No. 14",3310,"Fort Saskatchewan Next Step II Outreach School",7,14.3,100,74.1,9.6,0,=,42.9,=,46.6,13.6,14.3,100,61.1,10.8,12,75,100,80.4,7.2,8.3,=,58.3,=,51.5,18.1,16.7,91.7,66.5,11.8,5,40,80,69,15.6,0,=,100,=,64,10,20,100,68.4,8.4,12,25,100,71.3,10.2,8.3,=,75,=,63.2,14.2,16.7,100,67.3,12.1,4,75,100,81.3,11.8,50,=,75,=,70,22.6,50,100,76,17.2
"Science 30",2195,"Elk Island Public Schools Regional Division No. 14",3310,"Fort Saskatchewan Next Step II Outreach School",1,0,100,60,N/A,0,=,0,-,45,N/A,0,100,53,N/A,2,50,100,81,12.7,0,=,100,=,72.5,7.8,50,100,77,9.9,3,0,100,62.3,11.2,33.3,=,66.7,=,66.3,19,33.3,100,68.3,17.6,5,20,100,69,8.9,20,=,100,=,64,11.1,20,100,67.4,7.9,4,100,100,86.3,6.3,25,=,100,=,75,6.1,50,100,81,5.4
"Chemistry 30",2195,"Elk Island Public Schools Regional Division No. 14",3310,"Fort Saskatchewan Next Step II Outreach School",4,50,100,78.3,10.5,0,=,0,=,36,11.7,0,75,57.5,9.1,2,0,100,62.5,3.5,0,=,0,=,25,4.2,0,0,44,4.2,1,0,100,70,N/A,0,=,100,=,62,N/A,0,100,66,N/A,3,66.7,100,80,10,33.3,=,100,=,69.7,19.7,33.3,100,75,14.4,4,100,100,87.5,5,25,=,100,=,73.8,14.9,50,100,81,9.5
"Physics 30",2195,"Elk Island Public Schools Regional Division No. 14",3310,"Fort Saskatchewan Next Step II Outreach School",4,25,75,62.5,23.5,0,N/A,100,N/A,61.5,9.3,0,100,67.8,5.8,N/A,N/A,N/A,N/A,N/A,N/A,N/A,N/A,N/A,N/A,N/A,N/A,N/A,N/A,N/A,1,0,100,72,N/A,0,=,0,-,36,N/A,0,100,54,N/A,1,0,100,65,N/A,0,=,100,=,68,N/A,0,100,68,N/A,2,0,50,42.5,17.7,0,=,0,=,37,7.1,0,50,40.5,13.4
"Social Studies 30-1",2195,"Elk Island Public Schools Regional Division No. 14",3310,"Fort Saskatchewan Next Step II Outreach School",N/A,N/A,N/A,N/A,N/A,N/A,N/A,N/A,N/A,N/A,N/A,N/A,N/A,N/A,N/A,6,16.7,100,72.8,6.3,0,N/A,83.3,N/A,58.5,9.7,0,100,65.8,6.9,3,0,100,64,7.9,0,=,100,=,54,2,0,100,59.3,2.9,10,10,90,65.7,13.6,10,=,70,=,59.1,13.2,0,90,62.7,12.4,5,60,100,84,8.9,0,=,80,=,61.2,11.9,20,100,72.8,9.1
"Social Studies 30-2",2195,"Elk Island Public Schools Regional Division No. 14",3310,"Fort Saskatchewan Next Step II Outreach School",N/A,N/A,N/A,N/A,N/A,N/A,N/A,N/A,N/A,N/A,N/A,N/A,N/A,N/A,N/A,12,8.3,91.7,62.5,11.8,8.3,N/A,83.3,N/A,60.8,12.8,8.3,91.7,62.4,10.8,21,4.8,90.5,63.2,9.1,9.5,=,85.7,=,62.2,12.1,9.5,100,63.4,9.7,18,22.2,94.4,65.3,13.3,5.6,=,88.9,=,63.1,13.2,5.6,94.4,64.6,12.8,10,60,100,80,8.8,20,=,100,=,65.6,12.7,40,100,73.2,10.4
"English Lang Arts 30-2",2195,"Elk Island Public Schools Regional Division No. 14",3311,"Fort Saskatchewan High School",50,6,84,58.9,12.7,2,=,84,=,60.7,11,0,90,60.1,8,40,17.5,97.5,69.7,9.7,10,=,97.5,=,65.4,11.1,10,97.5,67.8,9.3,61,36.1,96.7,73,12.1,6.6,=,90.2,=,65,11.4,14.8,98.4,69.2,9.6,49,20.4,98,69.5,10.8,4.1,=,93.9,=,64,8.5,6.1,98,66.9,7.5,38,26.3,97.4,69.1,11.5,2.6,=,92.1,=,63.6,10.7,5.3,97.4,66.6,8.4
"English Lang Arts 30-1",2195,"Elk Island Public Schools Regional Division No. 14",3311,"Fort Saskatchewan High School",94,11.7,93.6,65.2,11.9,0,-,77.7,=,57.1,10.3,4.3,93.6,61.5,9.7,102,27.5,98,71.3,11.7,4.9,=,73.5,=,59.1,13.4,9.8,96.1,65.5,10.9,82,19.5,96.3,68.7,10.9,4.9,=,81.7,=,59.9,11.7,6.1,93.9,64.6,10.3,109,42.2,100,75.8,9.6,3.7,=,73.4,=,57.9,13,9.2,98.2,67.1,9.5,90,32.2,100,73.6,9.6,3.3,=,80,=,58.9,13.6,6.7,95.6,66.5,9.9
"Mathematics 30-1",2195,"Elk Island Public Schools Regional Division No. 14",3311,"Fort Saskatchewan High School",N/A,N/A,N/A,N/A,N/A,N/A,N/A,N/A,N/A,N/A,N/A,N/A,N/A,N/A,N/A,N/A,N/A,N/A,N/A,N/A,N/A,N/A,N/A,N/A,N/A,N/A,N/A,N/A,N/A,N/A,N/A,N/A,N/A,N/A,N/A,N/A,N/A,N/A,N/A,N/A,N/A,N/A,N/A,N/A,N/A,63,28.6,93.7,69.1,16,17.5,N/A,63.5,N/A,59.5,21.4,27,81,64.6,18.1,64,46.9,100,76.1,12.6,18.8,N/A,70.3,N/A,60.4,19.1,28.1,90.6,68.6,15.2
"Mathematics 30-2",2195,"Elk Island Public Schools Regional Division No. 14",3311,"Fort Saskatchewan High School",N/A,N/A,N/A,N/A,N/A,N/A,N/A,N/A,N/A,N/A,N/A,N/A,N/A,N/A,N/A,N/A,N/A,N/A,N/A,N/A,N/A,N/A,N/A,N/A,N/A,N/A,N/A,N/A,N/A,N/A,N/A,N/A,N/A,N/A,N/A,N/A,N/A,N/A,N/A,N/A,N/A,N/A,N/A,N/A,N/A,44,9.1,95.5,63.1,10.2,6.8,N/A,72.7,N/A,58.5,12.7,4.5,93.2,61.1,10.5,36,8.3,94.4,63.6,10.5,13.9,N/A,80.6,N/A,62.1,13.4,5.6,91.7,63.1,11.2
"Biology 30",2195,"Elk Island Public Schools Regional Division No. 14",3311,"Fort Saskatchewan High School",68,20.6,94.1,67.5,12,11.8,=,70.6,-,59.3,15.1,14.7,89.7,63.6,12.9,64,23.4,95.3,70.6,13,17.2,=,87.5,=,63.9,14.5,17.2,93.8,67.6,13.3,62,35.5,95.2,69.6,13.4,14.5,=,77.4,=,63.5,15.7,19.4,88.7,66.8,14,66,30.3,90.9,70.2,14.4,24.2,=,77.3,=,65.5,16.6,25.8,92.4,68.2,14.8,46,43.5,95.7,75,11.6,21.7,=,93.5,=,69,13,30.4,97.8,72.4,11.5
"Science 30",2195,"Elk Island Public Schools Regional Division No. 14",3311,"Fort Saskatchewan High School",9,0,100,63.7,8.8,0,=,100,=,63.3,10.4,0,100,63.9,9.5,11,18.2,100,68.2,10.5,9.1,=,90.9,=,60,12.9,9.1,90.9,64.2,11.4,N/A,N/A,N/A,N/A,N/A,N/A,N/A,N/A,N/A,N/A,N/A,N/A,N/A,N/A,N/A,24,8.3,79.2,61.8,13.2,25,=,87.5,=,68.7,14.2,12.5,91.7,65.7,13.1,15,20,93.3,64.4,16.9,20,=,93.3,=,67.6,13.4,20,93.3,66.3,13.5
"Chemistry 30",2195,"Elk Island Public Schools Regional Division No. 14",3311,"Fort Saskatchewan High School",55,14.5,92.7,66.5,12.6,14.5,=,65.5,=,58.6,18.9,10.9,83.6,63.2,15.3,57,35.1,96.5,71.5,13.2,22.8,=,75.4,=,64.3,19,28.1,91.2,68.2,15.7,53,13.2,96.2,68.8,11.6,18.9,=,84.9,+,62.8,16.8,17,90.6,66,13.6,51,21.6,76.5,63.4,17.1,21.6,=,66.7,=,60,21,21.6,74.5,61.9,18.4,58,31,96.6,72.2,12.4,19,=,79.3,=,64.3,17.5,24.1,91.4,68.4,14.5
"Physics 30",2195,"Elk Island Public Schools Regional Division No. 14",3311,"Fort Saskatchewan High School",25,16,96,66.4,11.8,4,=,64,=,53.8,13.9,8,76,60.3,12.2,25,32,96,69.8,15.6,32,+,64,=,62.6,20.4,28,84,66.6,17.6,27,14.8,85.2,64.1,13,14.8,=,74.1,=,59,17.1,14.8,85.2,61.8,14.4,28,32.1,78.6,65.5,19.8,35.7,=,67.9,=,62.1,22.7,35.7,71.4,64.2,21,36,25,88.9,67.8,16,19.4,=,69.4,=,62.7,19.9,16.7,77.8,65.5,17.5
"Social Studies 30-1",2195,"Elk Island Public Schools Regional Division No. 14",3311,"Fort Saskatchewan High School",79,20.3,97.5,67.7,12.1,3.8,N/A,65.8,N/A,55.8,12.6,7.6,89.9,62,11,93,16.1,95.7,66.7,11.8,8.6,=,66.7,=,56,14.2,10.8,87.1,61.6,12.6,72,29.2,98.6,71.7,11.1,5.6,=,80.6,+,61.3,11.2,9.7,98.6,66.8,10.4,76,23.7,97.4,69.1,12.1,10.5,=,78.9,=,61.3,13.8,15.8,94.7,65.6,12.4,71,25.4,100,72.2,9.5,9.9,=,87.3,=,63.3,12.7,11.3,97.2,68,10.6
"Social Studies 30-2",2195,"Elk Island Public Schools Regional Division No. 14",3311,"Fort Saskatchewan High School",63,7.9,82.5,59.8,14,7.9,N/A,74.6,N/A,59.5,12.6,3.2,90.5,60,10,50,8,96,61,10.6,8,=,84,=,60,12,0,96,60.9,7.9,71,5.6,94.4,62.8,11.2,9.9,=,87.3,=,63.4,13.1,7,95.8,63.5,9.9,72,5.6,98.6,65.8,9,6.9,=,90.3,=,65,12.7,6.9,97.2,65.6,9.9,62,8.1,91.9,65,11.1,8.1,=,80.6,=,63.8,13.8,8.1,96.8,64.7,11
"English Lang Arts 30-2",2195,"Elk Island Public Schools Regional Division No. 14",3340,"Bev Facey Community High School",100,9,94,64.6,10.2,12,=,92,=,66.8,11,10,97,66,9.5,107,4.7,86,61.6,11.1,15.9,=,97.2,+,70.2,9.6,6.5,99.1,66.2,8.3,108,17.6,93.5,68.8,11.9,22.2,+,95.4,=,70.4,11.2,19.4,97.2,69.8,10,107,13.1,96.3,66.3,10.4,21.5,=,100,+,71.4,9.6,9.3,98.1,69.1,8.8,126,7.9,92.1,65.2,10.7,25.4,=,96.8,=,71.2,9.8,9.5,97.6,68.5,8.8
"English Lang Arts 30-1",2195,"Elk Island Public Schools Regional Division No. 14",3340,"Bev Facey Community High School",281,32.4,98.2,73.1,10.7,10.7,-,90,=,65.4,11.2,18.1,98.9,69.6,10.3,226,26.1,99.1,71,10.7,11.1,=,95.6,=,66.4,10.4,17.7,98.7,68.9,9.7,258,27.9,99.2,72.1,10.2,12.8,=,94.2,=,66.6,10.6,15.9,98.4,69.6,9.1,266,29.7,97.4,71.3,11.4,15,=,98.5,+,68.6,9.9,18.4,99.2,70.2,9.6,193,29.5,99,72.1,11.3,18.7,=,99,=,70.2,9.8,21.2,100,71.4,9.7
"Mathematics 30-1",2195,"Elk Island Public Schools Regional Division No. 14",3340,"Bev Facey Community High School",N/A,N/A,N/A,N/A,N/A,N/A,N/A,N/A,N/A,N/A,N/A,N/A,N/A,N/A,N/A,N/A,N/A,N/A,N/A,N/A,N/A,N/A,N/A,N/A,N/A,N/A,N/A,N/A,N/A,N/A,N/A,N/A,N/A,N/A,N/A,N/A,N/A,N/A,N/A,N/A,N/A,N/A,N/A,N/A,N/A,217,47.5,95.9,74.6,14.3,41,N/A,84.3,N/A,71.9,19,46.5,90.3,73.5,16,146,41.8,93.8,74.3,14.5,28.1,N/A,80.1,N/A,66.2,19.1,32.2,90.4,70.5,16.2
"Mathematics 30-2",2195,"Elk Island Public Schools Regional Division No. 14",3340,"Bev Facey Community High School",N/A,N/A,N/A,N/A,N/A,N/A,N/A,N/A,N/A,N/A,N/A,N/A,N/A,N/A,N/A,N/A,N/A,N/A,N/A,N/A,N/A,N/A,N/A,N/A,N/A,N/A,N/A,N/A,N/A,N/A,N/A,N/A,N/A,N/A,N/A,N/A,N/A,N/A,N/A,N/A,N/A,N/A,N/A,N/A,N/A,129,14,92.2,65.7,12.1,13.2,N/A,87.6,N/A,64.4,13.3,11.6,90.7,65.4,11.6,107,22.4,93.5,68.6,12.7,17.8,N/A,82.2,N/A,64.3,15.7,17.8,89.7,66.7,13.4
"Biology 30",2195,"Elk Island Public Schools Regional Division No. 14",3340,"Bev Facey Community High School",195,37.9,96.4,73.4,12.4,24.1,=,86.7,=,67.9,14.4,28.2,95.4,70.9,12.9,226,34.5,96.9,73.4,11.8,29.6,=,88.9,=,69.3,14.7,29.6,96.9,71.6,12.8,189,25.4,95.2,70.1,12.9,18,=,81,=,63.8,14.4,19,94.7,67.2,12.9,214,38.3,97.2,72.9,13.5,30.8,=,87.9,=,70,15.1,33.6,95.8,71.7,13.7,151,33.8,96.7,71.5,12.8,27.8,=,87.4,=,68.7,15.1,29.8,92.7,70.3,13.5
"Science 30",2195,"Elk Island Public Schools Regional Division No. 14",3340,"Bev Facey Community High School",30,3.3,90,65.2,11.3,13.3,=,86.7,=,63,12.7,10,100,64.3,9.9,23,13,95.7,62.9,13.4,21.7,=,87,=,65.1,17.2,13,87,64.2,14.7,30,20,100,68.6,9.8,16.7,=,80,=,64.9,15.7,16.7,96.7,67,11.3,47,29.8,91.5,68.4,14.5,34,=,91.5,=,70.9,15.6,27.7,91.5,70,13,66,27.3,93.9,68.2,14,28.8,=,90.9,=,69.9,13.2,28.8,95.5,69.3,12.5
"Chemistry 30",2195,"Elk Island Public Schools Regional Division No. 14",3340,"Bev Facey Community High School",208,35.1,94.2,72.1,14.1,25,=,83.7,=,66.4,17.8,29.8,89.9,69.5,15.4,181,25.4,88.4,68.6,14.4,20.4,=,70.2,-,61.6,18.9,19.9,82.3,65.4,16,199,36.2,95.5,71.1,12.7,26.1,=,79.4,=,65.2,18.3,29.1,89.9,68.5,14.9,201,40.8,93.5,72.2,14.4,27.9,=,76.1,=,65.1,18.7,30.3,89.1,69,15.8,148,40.5,96.6,73.4,12.6,32.4,=,83.1,=,68.1,18.1,35.1,93.9,71,14.5
"Physics 30",2195,"Elk Island Public Schools Regional Division No. 14",3340,"Bev Facey Community High School",105,41.9,96.2,75.1,12.1,11.4,=,66.7,=,57.4,16.6,15.2,90.5,66.5,13.4,114,35.1,93.9,72.9,15.1,9.6,=,60.5,=,55.8,16.2,18.4,88.6,64.6,14.7,109,33.9,97.2,71.8,13,22.9,+,78,=,64.2,18.4,25.7,89.9,68.3,14.9,118,42.4,96.6,74.7,12.8,36.4,+,87.3,+,70.2,16.1,35.6,94.9,72.7,13.8,78,48.7,97.4,75.3,15.4,35.9,=,85.9,=,70,16.9,39.7,96.2,73,15.7
"Social Studies 30-1",2195,"Elk Island Public Schools Regional Division No. 14",3340,"Bev Facey Community High School",279,21.9,98.2,71.1,10.2,13.6,N/A,87.5,N/A,65.4,13.1,14.3,97.8,68.6,10.9,229,31.4,99.1,72.1,10.8,16.2,=,87.8,=,65.8,12.5,20.5,98.3,69.2,11,250,30,99.6,73.2,10.2,15.2,=,91.6,=,65.9,12.3,21.2,100,69.8,10.6,273,29.7,98.5,71.6,10.4,19.4,=,91.9,=,67,12.8,21.6,97.8,69.6,10.9,224,26.8,99.6,71.4,10.6,17,=,88.8,=,66,13.6,18.3,98.2,68.9,11.6
"Social Studies 30-2",2195,"Elk Island Public Schools Regional Division No. 14",3340,"Bev Facey Community High School",98,4.1,95.9,63.7,9.7,8.2,N/A,88.8,N/A,63,11.1,2,96.9,63.7,9.1,97,24.7,99,70.4,10.1,22.7,+,88.7,=,67.8,12.8,19.6,97.9,69.4,10.6,106,18.9,99.1,69,9.9,18.9,=,95.3,=,67.7,12.1,18.9,98.1,68.6,10.5,112,25,98.2,70.4,10.4,23.2,=,90.2,=,68.3,12.9,20.5,99.1,69.6,10.8,104,16.3,94.2,66.9,11.7,10.6,-,88.5,=,66.4,12.3,9.6,91.3,66.9,11.3
"English Lang Arts 30-2",2195,"Elk Island Public Schools Regional Division No. 14",3301,"Ardrossan Junior Senior High School",47,8.5,95.7,63.8,10.1,2.1,-,89.4,=,62.9,10.6,2.1,95.7,63.5,8.8,30,20,90,68.1,13,13.3,=,90,=,67.7,11.7,6.7,93.3,68.2,9.7,38,23.7,100,68.6,10.4,13.2,=,97.4,=,68.1,10.6,13.2,97.4,68.6,8.8,40,10,87.5,58.7,12.4,15,=,97.5,=,67.4,10.9,2.5,100,63.3,8.7,56,1.8,96.4,61.6,9.7,14.3,=,96.4,=,69.4,10.4,3.6,98.2,65.8,7.9
"English Lang Arts 30-1",2195,"Elk Island Public Schools Regional Division No. 14",3301,"Ardrossan Junior Senior High School",74,36.5,100,74,9.4,5.4,=,90.5,=,62.5,9.6,13.5,100,68.5,8.5,83,28.9,100,73.2,9.1,8.4,=,92.8,=,64.7,10.9,14.5,100,69.2,8.9,93,45.2,97.8,74.5,11.8,11.8,=,90.3,=,65.5,12.3,19.4,98.9,70.4,10.9,89,34.8,98.9,74.2,10.1,7.9,=,91,=,63.1,10.7,16.9,98.9,68.9,9,91,29.7,97.8,71.6,11,12.1,=,95.6,=,66.7,11.5,17.6,96.7,69.4,10.4
"French Lang Arts 30-1",2195,"Elk Island Public Schools Regional Division No. 14",3301,"Ardrossan Junior Senior High School",24,54.2,100,77.9,6.1,0,=,95.8,=,62.5,7.6,8.3,100,70.4,6.1,18,38.9,94.4,72.9,11.8,11.1,=,88.9,=,66.1,11.9,27.8,94.4,69.8,11.3,21,33.3,100,72.8,8.2,4.8,=,100,=,68.1,7.7,9.5,100,70.7,7.5,17,47.1,100,77.5,9.3,17.6,=,100,=,70.8,9.1,23.5,100,74.5,8.9,14,35.7,100,75.1,6.3,0,=,100,=,68.9,8.3,14.3,100,72.2,6.9
"Mathematics 30-1",2195,"Elk Island Public Schools Regional Division No. 14",3301,"Ardrossan Junior Senior High School",N/A,N/A,N/A,N/A,N/A,N/A,N/A,N/A,N/A,N/A,N/A,N/A,N/A,N/A,N/A,N/A,N/A,N/A,N/A,N/A,N/A,N/A,N/A,N/A,N/A,N/A,N/A,N/A,N/A,N/A,N/A,N/A,N/A,N/A,N/A,N/A,N/A,N/A,N/A,N/A,N/A,N/A,N/A,N/A,N/A,82,42.7,98.8,75.5,13.2,30.5,N/A,84.1,N/A,69,18.5,32.9,96.3,72.5,15.2,61,62.3,100,81.1,12.2,36.1,N/A,96.7,N/A,74.4,14,44.3,100,78,12.3
"Mathematics 30-2",2195,"Elk Island Public Schools Regional Division No. 14",3301,"Ardrossan Junior Senior High School",N/A,N/A,N/A,N/A,N/A,N/A,N/A,N/A,N/A,N/A,N/A,N/A,N/A,N/A,N/A,N/A,N/A,N/A,N/A,N/A,N/A,N/A,N/A,N/A,N/A,N/A,N/A,N/A,N/A,N/A,N/A,N/A,N/A,N/A,N/A,N/A,N/A,N/A,N/A,N/A,N/A,N/A,N/A,N/A,N/A,25,8,76,56.6,14.4,12,N/A,72,N/A,58.3,15.6,12,84,57.8,14.2,43,7,79.1,58.7,12.8,16.3,N/A,65.1,N/A,57.6,17.8,11.6,74.4,58.5,14.2
"Biology 30",2195,"Elk Island Public Schools Regional Division No. 14",3301,"Ardrossan Junior Senior High School",51,47.1,98,75.7,12.3,21.6,=,78.4,=,64.3,15.7,25.5,96.1,70.3,13.2,97,56.7,100,79.6,12.2,37.1,=,95.9,+,74.2,12.4,45.4,100,77.1,11.7,83,59,100,80.4,12.6,43.4,+,90.4,=,72.2,14.8,51.8,98.8,76.5,13,119,58,99.2,78.9,13.5,31.9,=,88.2,=,69.9,14.8,46.2,98.3,74.7,13.7,63,63.5,100,80.4,12.4,34.9,=,95.2,=,71.1,12.6,47.6,98.4,76,11.9
"Chemistry 30",2195,"Elk Island Public Schools Regional Division No. 14",3301,"Ardrossan Junior Senior High School",69,50.7,100,77.6,11.9,43.5,=,89.9,=,74.3,16.7,47.8,98.6,76.3,13.5,50,44,98,73.9,13.1,34,=,86,=,69,15.3,40,98,71.7,13.8,80,55,100,77.2,12.1,35,=,95,=,71.5,15.2,37.5,96.3,74.6,13.2,57,26.3,96.5,72.9,12.9,26.3,=,93,=,70.3,14.4,28.1,98.2,72,12.9,68,47.1,98.5,76.9,13.8,58.8,+,94.1,=,76.2,16.4,52.9,94.1,76.7,14.7
"Physics 30",2195,"Elk Island Public Schools Regional Division No. 14",3301,"Ardrossan Junior Senior High School",15,66.7,100,79.8,11.2,73.3,+,100,=,79.6,13.3,66.7,100,79.9,11.9,36,41.7,97.2,70.6,13,25,-,80.6,-,63.6,17.6,30.6,91.7,67.3,14.4,35,62.9,100,80.3,9.5,40,=,97.1,=,75.3,11.8,40,100,78,10.1,35,48.6,100,75.1,14.4,37.1,=,80,=,67.3,17.3,40,88.6,71.4,15.4,39,56.4,100,79.3,11.6,56.4,=,94.9,=,76.9,14.8,53.8,100,78.3,12.6
"Social Studies 30-1",2195,"Elk Island Public Schools Regional Division No. 14",3301,"Ardrossan Junior Senior High School",70,27.1,100,71,9.2,11.4,N/A,91.4,N/A,63.4,12,12.9,97.1,67.5,10,66,24.2,98.5,71,9.4,9.1,=,92.4,=,65.3,11.3,10.6,98.5,68.5,9.6,71,45.1,98.6,76,9.5,25.4,+,95.8,=,71,12.4,31,98.6,73.8,10.3,83,37.3,100,73.9,8.9,18.1,=,94,=,67.9,11.6,22.9,100,71.2,9.6,69,42,98.6,73.6,11,20.3,=,87,=,67.8,13.8,27.5,98.6,71,11.7
"Social Studies 30-2",2195,"Elk Island Public Schools Regional Division No. 14",3301,"Ardrossan Junior Senior High School",54,7.4,98.1,64.8,9.4,7.4,N/A,72.2,N/A,60.1,14.1,5.6,94.4,62.8,10.2,45,11.1,97.8,68,9.9,28.9,+,95.6,+,69.2,12.7,13.3,97.8,68.8,9.5,62,27.4,96.8,70.6,10.3,24.2,=,95.2,+,70.5,10.9,24.2,98.4,70.9,10,50,30,100,70.1,10,14,=,98,+,66.8,11.4,18,100,68.7,9.4,74,25.7,98.6,69.9,10.6,14.9,=,95.9,=,69.2,11.4,16.2,98.6,69.8,9.7
"English Lang Arts 30-2",2195,"Elk Island Public Schools Regional Division No. 14",3401,"Andrew School",N/A,N/A,N/A,N/A,N/A,N/A,N/A,N/A,N/A,N/A,N/A,N/A,N/A,N/A,N/A,6,0,83.3,59.3,10.2,0,=,100,=,68.8,5.8,0,100,64.5,7.8,2,0,100,72.5,2.1,0,=,100,=,75,1.4,0,100,74,0,3,0,100,55.7,2.5,0,=,100,=,67,8.2,0,100,61.7,4.5,6,0,100,58.8,6.5,16.7,=,100,=,66.5,11.8,0,100,62.8,8.8
"English Lang Arts 30-1",2195,"Elk Island Public Schools Regional Division No. 14",3401,"Andrew School",15,26.7,93.3,70.8,13.2,0,=,80,=,55.9,9.3,6.7,93.3,63.6,9.6,8,25,87.5,69.9,15.5,12.5,=,75,=,58.4,12.3,12.5,100,64.5,12.6,10,20,90,67.3,13.3,10,=,80,=,58.6,14.8,10,90,63.2,10.6,5,60,100,82.2,6.2,0,=,100,=,66,4.5,0,100,74.4,3,1,0,100,70,N/A,0,=,100,=,55,N/A,0,100,63,N/A
"Mathematics 30-1",2195,"Elk Island Public Schools Regional Division No. 14",3401,"Andrew School",N/A,N/A,N/A,N/A,N/A,N/A,N/A,N/A,N/A,N/A,N/A,N/A,N/A,N/A,N/A,N/A,N/A,N/A,N/A,N/A,N/A,N/A,N/A,N/A,N/A,N/A,N/A,N/A,N/A,N/A,N/A,N/A,N/A,N/A,N/A,N/A,N/A,N/A,N/A,N/A,N/A,N/A,N/A,N/A,N/A,1,100,100,90,N/A,0,N/A,100,N/A,69,N/A,100,100,80,N/A,3,33.3,100,69.7,19.9,33.3,N/A,33.3,N/A,43.7,40.8,33.3,33.3,57,30
"Mathematics 30-2",2195,"Elk Island Public Schools Regional Division No. 14",3401,"Andrew School",N/A,N/A,N/A,N/A,N/A,N/A,N/A,N/A,N/A,N/A,N/A,N/A,N/A,N/A,N/A,N/A,N/A,N/A,N/A,N/A,N/A,N/A,N/A,N/A,N/A,N/A,N/A,N/A,N/A,N/A,N/A,N/A,N/A,N/A,N/A,N/A,N/A,N/A,N/A,N/A,N/A,N/A,N/A,N/A,N/A,2,0,100,66.5,14.8,0,N/A,50,N/A,50.5,10.6,0,100,59,12.7,N/A,N/A,N/A,N/A,N/A,N/A,N/A,N/A,N/A,N/A,N/A,N/A,N/A,N/A,N/A
"Biology 30",2195,"Elk Island Public Schools Regional Division No. 14",3401,"Andrew School",11,27.3,100,69.2,11.4,18.2,=,90.9,=,61.8,12.4,18.2,100,65.7,11.3,7,28.6,85.7,70,18.4,28.6,=,57.1,=,62.7,19.6,28.6,85.7,66.9,17.7,5,20,80,65.4,12.8,0,=,80,=,52.4,10.7,0,80,59.2,11.4,2,50,100,80.5,7.8,50,=,100,=,69,17,50,100,75,12.7,N/A,N/A,N/A,N/A,N/A,N/A,N/A,N/A,N/A,N/A,N/A,N/A,N/A,N/A,N/A
"Chemistry 30",2195,"Elk Island Public Schools Regional Division No. 14",3401,"Andrew School",12,0,100,61,9.8,8.3,=,50,=,54.5,15.2,0,83.3,58.2,11.5,7,28.6,85.7,65,15.7,14.3,=,42.9,=,51.1,25,28.6,71.4,58.4,19.6,5,0,100,60.2,8.4,0,=,40,=,40.6,15.8,0,60,50.6,12.2,2,50,100,70,28.3,0,=,50,=,55,31.1,50,50,63,29.7,2,50,100,81,15.6,50,=,100,=,72.5,24.7,50,100,77,19.8
"Physics 30",2195,"Elk Island Public Schools Regional Division No. 14",3401,"Andrew School",9,33.3,100,71.3,9.4,0,=,33.3,=,45.3,9.8,0,88.9,58.7,9,6,33.3,100,74.5,10.7,0,=,50,=,46.3,20.6,0,66.7,60.7,15.3,1,0,100,67,N/A,0,=,0,=,36,N/A,0,100,52,N/A,2,100,100,90,0,0,=,100,=,76,0,100,100,83,0,1,0,100,56,N/A,0,=,100,=,54,N/A,0,100,55,N/A
"Social Studies 30-1",2195,"Elk Island Public Schools Regional Division No. 14",3401,"Andrew School",15,33.3,93.3,69.7,14.8,6.7,N/A,60,N/A,52.3,13.1,6.7,80,61.1,13.2,7,28.6,100,74,11,28.6,=,85.7,=,66.9,14.8,28.6,100,70.7,12,8,12.5,100,65,8.4,0,=,37.5,=,49.8,9.9,0,87.5,57.8,9,3,100,100,84,2,66.7,=,100,=,78.7,7.6,66.7,100,81.3,3.1,5,20,100,72.6,6.6,0,=,80,=,61.6,13.6,0,100,67.2,9.7
"Social Studies 30-2",2195,"Elk Island Public Schools Regional Division No. 14",3401,"Andrew School",N/A,N/A,N/A,N/A,N/A,N/A,N/A,N/A,N/A,N/A,N/A,N/A,N/A,N/A,N/A,6,0,100,64.3,8,16.7,N/A,100,N/A,70,9.3,0,100,67.5,8.5,5,0,80,55,7.2,0,=,60,=,53.4,7.1,0,80,54.4,6.8,4,0,100,63.8,2.5,0,=,100,=,63.8,6.9,0,100,64.3,4.3,7,14.3,100,62.3,9.4,0,=,85.7,=,60,12.3,0,85.7,61.4,10.3
"English Lang Arts 30-2",2195,"Elk Island Public Schools Regional Division No. 14",EIPS,"Elk Island Public Schools",384,10.7,92.4,64.8,11.7,6.5,=,88.5,=,63.8,11.3,6.3,95.8,64.6,9.4,372,10.8,92.2,64.8,10.7,10.8,=,93,=,66.8,11,5.6,98.7,66.2,8.7,384,17.7,94,66.8,12.4,11.7,=,92.2,=,67,11.3,12,96.4,67.2,10,376,14.4,94.7,65.1,11.4,13.3,=,94.1,=,66.8,10.7,7.2,97.9,66.3,9.2,452,12.2,95.8,65.3,11.1,16.6,=,95.6,=,68.9,10.9,9.3,97.8,67.4,9.1
"English Lang Arts 30-1",2195,"Elk Island Public Schools Regional Division No. 14",EIPS,"Elk Island Public Schools",925,30.1,98.1,72.3,10.9,7.6,-,85.9,=,62.4,11.5,13.5,98.3,67.6,10.1,880,32.5,98.8,72.8,11,10.2,=,85.7,=,63.4,12.4,17,98.1,68.4,10.4,901,31.1,98.3,72.3,10.5,10.5,=,87.7,=,63.6,12.2,14.7,98.1,68.2,10.2,923,33.7,98.8,72.9,10.7,10.4,=,89.3,=,64.5,11.8,15.6,98.9,69,9.9,810,30.2,99.1,72.6,10,11.7,=,92.2,+,65.4,12,15.7,98.5,69.3,9.8
"French Lang Arts 30-1",2195,"Elk Island Public Schools Regional Division No. 14",EIPS,"Elk Island Public Schools",24,54.2,100,77.9,6.1,0,=,95.8,=,62.5,7.6,8.3,100,70.4,6.1,18,38.9,94.4,72.9,11.8,11.1,=,88.9,=,66.1,11.9,27.8,94.4,69.8,11.3,21,33.3,100,72.8,8.2,4.8,=,100,=,68.1,7.7,9.5,100,70.7,7.5,17,47.1,100,77.5,9.3,17.6,=,100,=,70.8,9.1,23.5,100,74.5,8.9,14,35.7,100,75.1,6.3,0,=,100,=,68.9,8.3,14.3,100,72.2,6.9
"Mathematics 30-1",2195,"Elk Island Public Schools Regional Division No. 14",EIPS,"Elk Island Public Schools",N/A,N/A,N/A,N/A,N/A,N/A,N/A,N/A,N/A,N/A,N/A,N/A,N/A,N/A,N/A,N/A,N/A,N/A,N/A,N/A,N/A,N/A,N/A,N/A,N/A,N/A,N/A,N/A,N/A,N/A,N/A,N/A,N/A,N/A,N/A,N/A,N/A,N/A,N/A,N/A,N/A,N/A,N/A,N/A,N/A,632,43.4,96.5,74.2,14.2,31.3,N/A,79.1,N/A,67.7,19.8,36.2,90.2,71.2,16.4,590,45.8,96.8,75.2,14.2,22.4,N/A,73.1,N/A,62.4,19.5,27.5,89.2,69.1,15.8
"Mathematics 30-2",2195,"Elk Island Public Schools Regional Division No. 14",EIPS,"Elk Island Public Schools",N/A,N/A,N/A,N/A,N/A,N/A,N/A,N/A,N/A,N/A,N/A,N/A,N/A,N/A,N/A,N/A,N/A,N/A,N/A,N/A,N/A,N/A,N/A,N/A,N/A,N/A,N/A,N/A,N/A,N/A,N/A,N/A,N/A,N/A,N/A,N/A,N/A,N/A,N/A,N/A,N/A,N/A,N/A,N/A,N/A,383,12.8,91.1,64.3,12.4,9.9,N/A,75.2,N/A,59.4,15.3,10.2,86.4,62.3,12.9,407,20.4,92.1,66.4,12.9,13.3,N/A,73,N/A,60.2,17,14.7,85,63.7,13.9
"Biology 30",2195,"Elk Island Public Schools Regional Division No. 14",EIPS,"Elk Island Public Schools",735,36.5,94.6,72.1,13.6,23.9,=,81.8,=,65.9,15.7,26.7,92.8,69.3,13.8,769,38.6,96.9,74.2,13.1,28.3,=,85.4,=,68,15.8,29.6,95.6,71.3,13.4,669,36.5,94,72.1,13.8,25,=,85.1,=,66.9,15.2,27.5,94.8,69.8,13.7,707,41.2,95.2,73.3,14.2,29.6,=,84.6,=,68.4,15.8,33.8,94.6,71.1,14.3,615,39.5,94.5,72.8,14.5,28.6,=,88.5,=,68.6,15,32.2,93.2,71,14
"Science 30",2195,"Elk Island Public Schools Regional Division No. 14",EIPS,"Elk Island Public Schools",129,20.2,91.5,67.8,13.6,20.9,=,85.3,=,65.1,15.1,18.6,93.8,66.8,13.5,107,23.4,91.6,67,14.2,15,=,86.9,=,65.2,14.5,19.6,91.6,66.4,13.3,123,25.2,95.1,68.3,13.6,20.3,=,79.7,=,64.7,15.7,21.1,90.2,67,13.9,165,24.8,87.3,66.4,14.8,26.1,=,88.5,=,67.8,14.5,21.8,92.1,67.5,13.5,207,29.5,93.2,68.5,14.6,27.5,=,87.4,=,68.8,14,27.1,94.7,69,13.3
"Chemistry 30",2195,"Elk Island Public Schools Regional Division No. 14",EIPS,"Elk Island Public Schools",615,32.7,95,71.6,13.5,24.6,=,78,=,64.7,18.7,26.7,89.6,68.5,15.4,592,35.1,89.5,69.9,15.9,22.3,=,71.1,-,61.4,19.9,24.3,84.5,66,16.9,606,35.5,94.2,71.3,13.7,24.1,=,77.4,=,63.3,18.7,25.2,87.6,67.6,15.4,564,37.1,91.1,71.3,15,27.1,=,76.6,=,64.9,18.8,27.8,88.3,68.4,16.1,539,36.5,95,72,13.8,28.6,=,80,+,66,18.6,30.4,90.7,69.3,15.4
"Physics 30",2195,"Elk Island Public Schools Regional Division No. 14",EIPS,"Elk Island Public Schools",289,37,92.7,72.2,14.3,13.1,-,69.2,-,58.1,17,18.3,88.6,65.5,14.6,337,38.9,91.1,71.9,15.9,19.3,=,67.7,=,59.4,18.8,24.3,85.2,65.9,16.4,291,36.4,94.5,71.7,13.7,26.5,+,79.4,+,65.2,18.1,27.8,91.1,68.7,15.2,315,41.6,95.2,73.4,14.3,34.9,+,81.3,+,68.2,18,34.6,91.4,71,15.4,289,43.9,95.5,73.7,14.6,34.3,+,84.4,+,69.1,17.3,35.3,93.8,71.7,15.2
"Social Studies 30-1",2195,"Elk Island Public Schools Regional Division No. 14",EIPS,"Elk Island Public Schools",761,22.2,98.4,70.4,10.6,11.3,N/A,85.7,N/A,63.5,13,13.4,96.1,67.2,11,753,30,98.8,71.8,11.3,14.3,=,84.1,=,63.6,13.4,17.7,96.8,68,11.5,761,30.2,98.8,72.5,10.7,13.4,=,86.6,=,64.6,13,18.5,98.6,68.9,11,782,32.9,98.3,72.2,11.2,15,=,86.3,=,64.9,13.1,19.6,98,68.9,11.2,733,28.4,98.8,71.6,10.6,13.4,=,87.4,=,64.6,13.2,16.2,97.3,68.4,11.3
"Social Studies 30-2",2195,"Elk Island Public Schools Regional Division No. 14",EIPS,"Elk Island Public Schools",436,5.3,91.7,62.2,10.8,10.8,N/A,84.6,N/A,63.7,12.9,5.7,93.8,63.3,10.3,462,12.1,95.9,65.2,10.9,16.9,+,89.4,+,66,13.2,11,96.3,65.9,10.4,488,11.7,93,64.4,11.6,15,=,88.1,=,65.1,12.8,12.1,95.1,65.1,11,467,16.3,97.2,66.9,10.7,14.3,=,88.7,=,65.1,12.6,12.4,98.5,66.3,10.5,485,15.7,95.5,66.3,11.1,13,=,87.6,=,65.6,13.1,12.2,94.4,66.2,11
"English Lang Arts 30-2",,,Alberta,Alberta,14388,9.9,92.1,64.2,11.9,9.8,+,88.8,=,64.4,11.9,6.2,95.8,64.7,9.8,14596,10.3,92,64.3,11.9,9.1,=,88.6,=,64.2,11.9,6.2,95.7,64.7,9.8,14608,11.1,93.4,64.9,11.8,10.7,+,89.5,+,65.1,11.9,7.3,96.4,65.4,9.8,15311,11.8,93.8,65.4,11.7,11,+,89.3,=,65,12.1,7.6,96.3,65.6,10,15887,13.5,94.6,66.2,11.7,13.1,+,89.7,=,65.9,12.1,9.2,96.9,66.4,10
"English Lang Arts 30-1",,,Alberta,Alberta,29316,31.1,96.6,71.9,12.1,10.1,-,84.9,-,62.9,12.8,15.3,96.6,67.8,11,29100,30.5,96.5,71.9,12.1,10.1,-,84.4,-,62.8,12.9,15.4,96.5,67.7,11.1,29384,30.6,97.3,72.1,11.7,11.3,=,86,+,63.6,12.9,16.1,97.1,68.2,10.9,28936,30.7,97.2,72.1,11.7,10.3,=,85.7,=,63.3,12.7,15.6,97,68.1,10.9,28671,30.7,97.3,72.2,11.7,11.7,+,87.1,+,64.1,12.8,16.8,97,68.5,10.9
"French Lang Arts 30-1",,,Alberta,Alberta,1324,52,99.1,78,11.1,16.3,-,93.7,=,67.4,11.5,28.2,99.6,72.9,10.2,1270,52,99.1,77.8,10.9,14.4,-,95.3,=,67.5,10.8,25.9,99.4,72.9,9.8,1210,48.3,98.8,77,11.2,13.4,-,95.5,=,67.4,10.7,23.8,99.2,72.5,10.1,1253,47.9,99.1,77.2,10.5,12.5,=,95.3,=,67.3,10.6,23.4,99.2,72.5,9.6,1210,50.7,99.2,77.8,10.5,14.5,=,96.5,=,68.2,10.3,26.3,99.2,73.2,9.4
"Mathematics 30-1",,,Alberta,Alberta,N/A,N/A,N/A,N/A,N/A,N/A,N/A,N/A,N/A,N/A,N/A,N/A,N/A,N/A,N/A,N/A,N/A,N/A,N/A,N/A,N/A,N/A,N/A,N/A,N/A,N/A,N/A,N/A,N/A,N/A,N/A,N/A,N/A,N/A,N/A,N/A,N/A,N/A,N/A,N/A,N/A,N/A,N/A,N/A,N/A,19876,44.2,95.9,74.9,14.3,35.5,N/A,80.6,N/A,68.9,20.4,37.9,91.7,72.3,16.4,21314,46.2,95.7,75.6,14.4,27.2,N/A,74.6,N/A,63.9,20.4,32.6,89.4,70,16.5
"Mathematics 30-2",,,Alberta,Alberta,N/A,N/A,N/A,N/A,N/A,N/A,N/A,N/A,N/A,N/A,N/A,N/A,N/A,N/A,N/A,N/A,N/A,N/A,N/A,N/A,N/A,N/A,N/A,N/A,N/A,N/A,N/A,N/A,N/A,N/A,N/A,N/A,N/A,N/A,N/A,N/A,N/A,N/A,N/A,N/A,N/A,N/A,N/A,N/A,N/A,9671,18.9,91.5,66.6,13.1,9.6,N/A,69.1,N/A,57.5,16.3,10.6,86.4,62.4,13.4,11934,21.1,92.8,67.5,13.2,15,N/A,71.3,N/A,60.1,17.8,15.3,87,64.2,14.2
"Biology 30",,,Alberta,Alberta,22425,39.7,95.8,73.4,13.7,28.1,+,81.4,-,66.8,17.1,31.6,93,70.5,14.6,22846,40.7,95.9,73.7,13.8,29.9,+,81.9,=,67.3,17,32.9,93.1,70.9,14.6,23328,42,96.1,74.2,13.8,28.1,=,81.8,=,67,17,32.8,93.6,71,14.6,22391,42.9,96.1,74.4,13.9,32.1,+,84.3,+,68.8,16.5,35.7,94.2,71.9,14.4,21656,43.7,96.2,74.7,13.8,31.7,+,85.2,+,68.9,16.6,36,94.5,72.2,14.4
"Science 30",,,Alberta,Alberta,4957,24.6,94.5,69,12.9,22.8,+,80.1,-,65.1,16.9,20.9,92.3,67.4,13.8,5017,26.5,94.6,69.5,13,20.9,=,80.3,-,65,15.8,21.2,93.1,67.6,13.2,5886,28,95.4,70.2,13,22,=,79.8,-,64.9,16.9,21.9,92.4,68,13.8,5573,31.1,95,71,13.3,25.8,+,84,+,67.2,16.2,25.7,93.9,69.5,13.6,7103,32.1,95,71.1,13.5,25.5,+,85.1,+,67.5,15.8,26.1,94.7,69.7,13.5
"Chemistry 30",,,Alberta,Alberta,18988,41.5,95.5,74,13.9,29.9,+,79,+,66.6,19.5,33.4,91,70.6,15.8,18808,41.7,95.4,74,13.9,27.7,-,75.1,-,64.3,20.1,31.2,89.7,69.5,16.1,19938,42.6,95.9,74.4,13.8,28.4,=,76.7,=,64.9,19.7,32.2,90.5,70,15.9,16129,41.9,95.4,74,13.9,31.6,+,78.6,+,66.6,19.4,33.6,91.2,70.6,15.7,19118,46.2,96.4,75.3,13.9,35,+,81.3,+,68.2,19.1,37.5,92.6,72.1,15.7
"Physics 30",,,Alberta,Alberta,10417,45.1,96.8,75.4,13.3,20.4,-,74,-,62,18.3,26.7,91.5,69,14.7,10663,44.8,96.1,75,13.6,27.7,+,76.7,=,64.7,19.2,31.6,90.9,70.1,15.4,10579,46,96.5,75.5,13.6,30.3,+,81,+,66.7,18.7,34.4,92.4,71.4,15.1,8990,45.6,96.2,75.2,13.5,30.2,+,81.3,+,66.9,18.5,34.1,92.6,71.4,15,10758,49.7,96.4,76.4,13.9,34.1,+,83,+,68.8,18.4,38.8,93.3,72.9,15.2
"Social Studies 30-1",,,Alberta,Alberta,23598,34.7,98.3,73.4,11.4,16.1,N/A,84.5,N/A,64.6,14.2,21.2,97.3,69.3,11.7,23627,35.2,98.1,73.6,11.4,14.9,-,82.8,-,63.8,14.3,20.5,96.9,69,11.7,23508,35.9,98.5,73.9,11.3,16.7,+,86.2,+,65.2,13.9,22.2,97.7,69.8,11.5,22432,37.7,98.6,74.3,11.1,15.2,-,85.3,+,64.8,13.8,22,97.7,69.8,11.4,21992,37.6,98.6,74.4,11.2,14.2,-,85.5,+,64.5,13.5,21,97.7,69.7,11.3
"Social Studies 30-2",,,Alberta,Alberta,14987,11.5,92.7,64.5,11.9,13.7,N/A,85,N/A,64.3,13.6,9.1,94.5,64.7,10.9,16575,12.3,93.3,65,11.9,15.9,+,85.6,=,65.2,13.8,10.6,95,65.4,11.1,17234,13.9,94.1,65.8,11.9,13.7,-,83,-,63.6,13.9,10.8,94.7,65.1,11.3,18156,15.2,94.3,66.2,12,13.8,=,82.1,-,63.5,14.2,11.2,94.1,65.2,11.5,19173,17,94.2,66.7,12.3,14.8,=,83.9,=,64.3,14.1,12.7,94.3,65.9,11.6
